-- phpMyAdmin SQL Dump
-- version 5.2.1
-- https://www.phpmyadmin.net/
--
-- Host: 127.0.0.1
-- Generation Time: Jan 09, 2026 at 01:13 AM
-- Server version: 10.4.32-MariaDB
-- PHP Version: 8.2.12

SET SQL_MODE = "NO_AUTO_VALUE_ON_ZERO";
START TRANSACTION;
SET time_zone = "+00:00";


/*!40101 SET @OLD_CHARACTER_SET_CLIENT=@@CHARACTER_SET_CLIENT */;
/*!40101 SET @OLD_CHARACTER_SET_RESULTS=@@CHARACTER_SET_RESULTS */;
/*!40101 SET @OLD_COLLATION_CONNECTION=@@COLLATION_CONNECTION */;
/*!40101 SET NAMES utf8mb4 */;

--
-- Database: `marketlist_mbg`
--

-- --------------------------------------------------------

--
-- Table structure for table `distribusi`
--

CREATE TABLE `distribusi` (
  `id` int(11) NOT NULL,
  `no_surat_jalan` varchar(50) NOT NULL,
  `qr_code` varchar(255) NOT NULL COMMENT 'unique QR code untuk scan penerimaan',
  `qr_data` text DEFAULT NULL COMMENT 'JSON data untuk QR: no_surat_jalan, kantor_id, items',
  `tanggal_kirim` date NOT NULL,
  `request_id` int(11) DEFAULT NULL,
  `kantor_id` int(11) NOT NULL,
  `pengirim_id` int(11) NOT NULL COMMENT 'user koperasi yang kirim',
  `penerima_name` varchar(100) DEFAULT NULL COMMENT 'nama penerima di kantor',
  `penerima_user_id` int(11) DEFAULT NULL COMMENT 'user yang scan QR untuk terima',
  `tanggal_terima` datetime DEFAULT NULL,
  `scan_latitude` varchar(50) DEFAULT NULL COMMENT 'lokasi GPS saat scan',
  `scan_longitude` varchar(50) DEFAULT NULL COMMENT 'lokasi GPS saat scan',
  `status` enum('dikirim','diterima','bermasalah') DEFAULT 'dikirim',
  `keterangan` text DEFAULT NULL,
  `bukti_terima` varchar(255) DEFAULT NULL COMMENT 'upload tanda terima',
  `foto_barang` varchar(255) DEFAULT NULL COMMENT 'foto barang saat diterima',
  `created_at` timestamp NOT NULL DEFAULT current_timestamp(),
  `updated_at` timestamp NULL DEFAULT NULL ON UPDATE current_timestamp()
) ENGINE=InnoDB DEFAULT CHARSET=utf8mb4 COLLATE=utf8mb4_unicode_ci;

--
-- Dumping data for table `distribusi`
--

INSERT INTO `distribusi` (`id`, `no_surat_jalan`, `qr_code`, `qr_data`, `tanggal_kirim`, `request_id`, `kantor_id`, `pengirim_id`, `penerima_name`, `penerima_user_id`, `tanggal_terima`, `scan_latitude`, `scan_longitude`, `status`, `keterangan`, `bukti_terima`, `foto_barang`, `created_at`, `updated_at`) VALUES
(2, 'DST/2025/12/001', 'QR-1767062004-7350', '{\"qr_code\":\"QR-1767062004-7350\",\"no_surat_jalan\":\"DST\\/2025\\/12\\/001\",\"kantor_id\":\"1\",\"tanggal_kirim\":\"2025-12-30\",\"items\":[{\"produk_id\":43,\"qty\":20}]}', '2025-12-30', NULL, 1, 1, NULL, NULL, NULL, NULL, NULL, 'dikirim', '', NULL, NULL, '2025-12-30 02:33:24', NULL);

-- --------------------------------------------------------

--
-- Table structure for table `distribusi_detail`
--

CREATE TABLE `distribusi_detail` (
  `id` int(11) NOT NULL,
  `distribusi_id` int(11) NOT NULL,
  `produk_id` int(11) NOT NULL,
  `qty_request` decimal(10,2) DEFAULT 0.00 COMMENT 'qty yang direquest dari awal',
  `qty_kirim` decimal(10,2) NOT NULL COMMENT 'qty yang dikirim',
  `hpp` decimal(15,2) DEFAULT 0.00,
  `harga_jual` decimal(15,2) DEFAULT 0.00,
  `margin_per_unit` decimal(15,2) DEFAULT 0.00 COMMENT 'Margin per unit (harga_jual - hpp)',
  `total_margin` decimal(15,2) GENERATED ALWAYS AS (`qty_kirim` * `margin_per_unit`) STORED COMMENT 'Total margin for this item',
  `qty_terima` decimal(10,2) DEFAULT NULL COMMENT 'qty yang diterima (hasil scan)',
  `selisih` decimal(10,2) GENERATED ALWAYS AS (case when `qty_terima` is not null then `qty_terima` - `qty_kirim` else NULL end) STORED,
  `kondisi_terima` enum('lengkap','kurang','rusak','lebih') DEFAULT NULL,
  `alasan_selisih` text DEFAULT NULL COMMENT 'alasan jika ada selisih',
  `keterangan` text DEFAULT NULL,
  `created_at` timestamp NOT NULL DEFAULT current_timestamp(),
  `updated_at` timestamp NULL DEFAULT NULL ON UPDATE current_timestamp()
) ENGINE=InnoDB DEFAULT CHARSET=utf8mb4 COLLATE=utf8mb4_unicode_ci;

--
-- Dumping data for table `distribusi_detail`
--

INSERT INTO `distribusi_detail` (`id`, `distribusi_id`, `produk_id`, `qty_request`, `qty_kirim`, `hpp`, `harga_jual`, `margin_per_unit`, `qty_terima`, `kondisi_terima`, `alasan_selisih`, `keterangan`, `created_at`, `updated_at`) VALUES
(2, 2, 43, 0.00, 20.00, 0.00, 0.00, 0.00, NULL, NULL, NULL, '', '2025-12-30 02:33:24', NULL);

-- --------------------------------------------------------

--
-- Table structure for table `gudang_stok`
--

CREATE TABLE `gudang_stok` (
  `id` int(11) NOT NULL,
  `produk_id` int(11) NOT NULL,
  `batch_number` varchar(50) DEFAULT NULL COMMENT 'nomor batch untuk bahan baku',
  `tanggal_produksi` date DEFAULT NULL COMMENT 'tanggal produksi untuk bahan jadi',
  `tanggal_expired` date DEFAULT NULL COMMENT 'tanggal kadaluarsa',
  `qty_stok` decimal(10,2) DEFAULT 0.00,
  `qty_reserved` decimal(10,2) DEFAULT 0.00 COMMENT 'qty yang sudah dialokasikan tapi belum keluar',
  `harga_beli` decimal(15,2) DEFAULT 0.00,
  `qty_available` decimal(10,2) GENERATED ALWAYS AS (`qty_stok` - `qty_reserved`) STORED,
  `lokasi_rak` varchar(50) DEFAULT NULL,
  `kondisi` enum('baik','rusak','expired','quarantine') DEFAULT 'baik',
  `last_update` timestamp NULL DEFAULT current_timestamp() ON UPDATE current_timestamp()
) ENGINE=InnoDB DEFAULT CHARSET=utf8mb4 COLLATE=utf8mb4_unicode_ci;

--
-- Dumping data for table `gudang_stok`
--

INSERT INTO `gudang_stok` (`id`, `produk_id`, `batch_number`, `tanggal_produksi`, `tanggal_expired`, `qty_stok`, `qty_reserved`, `harga_beli`, `lokasi_rak`, `kondisi`, `last_update`) VALUES
(1, 43, NULL, NULL, NULL, 30.00, 20.00, 0.00, NULL, 'baik', '2025-12-30 02:33:24'),
(2, 43, NULL, NULL, NULL, 30.00, 0.00, 0.00, NULL, 'baik', '2025-12-30 02:12:38');

-- --------------------------------------------------------

--
-- Table structure for table `harga_pasar`
--

CREATE TABLE `harga_pasar` (
  `id` int(11) NOT NULL,
  `produk_id` int(11) NOT NULL,
  `pasar_id` int(11) NOT NULL,
  `nama_pasar` varchar(100) NOT NULL,
  `bulan` int(2) NOT NULL,
  `tahun` int(4) NOT NULL,
  `harga_terendah` decimal(15,2) NOT NULL,
  `harga_tertinggi` decimal(15,2) NOT NULL,
  `harga_rata_rata` decimal(15,2) NOT NULL,
  `jumlah_hari_terdata` int(3) DEFAULT 0,
  `data_harian_json` text DEFAULT NULL COMMENT 'JSON data harga harian',
  `scraped_at` datetime NOT NULL,
  `created_at` timestamp NOT NULL DEFAULT current_timestamp(),
  `updated_at` timestamp NULL DEFAULT NULL ON UPDATE current_timestamp()
) ENGINE=InnoDB DEFAULT CHARSET=utf8mb4 COLLATE=utf8mb4_unicode_ci;

--
-- Dumping data for table `harga_pasar`
--

INSERT INTO `harga_pasar` (`id`, `produk_id`, `pasar_id`, `nama_pasar`, `bulan`, `tahun`, `harga_terendah`, `harga_tertinggi`, `harga_rata_rata`, `jumlah_hari_terdata`, `data_harian_json`, `scraped_at`, `created_at`, `updated_at`) VALUES
(1, 1, 3, 'Sumber', 12, 2025, 18000.00, 18000.00, 18000.00, 28, NULL, '2025-12-30 10:57:11', '2025-12-29 06:30:26', '2025-12-30 03:57:11'),
(2, 2, 3, 'Sumber', 12, 2025, 19500.00, 19500.00, 19500.00, 30, NULL, '2025-12-30 10:57:11', '2025-12-29 06:30:26', '2025-12-30 03:57:11'),
(3, 3, 3, 'Sumber', 12, 2025, 140000.00, 140000.00, 140000.00, 28, NULL, '2025-12-30 10:57:11', '2025-12-29 06:30:26', '2025-12-30 03:57:11'),
(4, 4, 3, 'Sumber', 12, 2025, 36000.00, 38000.00, 37448.00, 29, NULL, '2025-12-30 10:57:11', '2025-12-29 06:30:26', '2025-12-30 03:57:11'),
(5, 5, 3, 'Sumber', 12, 2025, 70000.00, 70000.00, 70000.00, 30, NULL, '2025-12-30 10:57:11', '2025-12-29 06:30:26', '2025-12-30 03:57:11'),
(6, 6, 3, 'Sumber', 12, 2025, 29000.00, 31000.00, 30250.00, 22, NULL, '2025-12-30 10:57:11', '2025-12-29 06:30:26', '2025-12-30 03:57:11'),
(7, 7, 3, 'Sumber', 12, 2025, 12500.00, 12500.00, 12500.00, 30, NULL, '2025-12-30 10:57:11', '2025-12-29 06:30:26', '2025-12-30 03:57:11'),
(8, 8, 3, 'Sumber', 12, 2025, 2000.00, 2000.00, 2000.00, 30, NULL, '2025-12-30 10:57:11', '2025-12-29 06:30:26', '2025-12-30 03:57:11'),
(9, 9, 3, 'Sumber', 12, 2025, 38000.00, 38000.00, 38000.00, 30, NULL, '2025-12-30 10:57:11', '2025-12-29 06:30:26', '2025-12-30 03:57:11'),
(10, 10, 3, 'Sumber', 12, 2025, 12000.00, 12000.00, 12000.00, 30, NULL, '2025-12-30 10:57:11', '2025-12-29 06:30:26', '2025-12-30 03:57:11'),
(11, 11, 3, 'Sumber', 12, 2025, 55000.00, 70000.00, 65321.00, 28, NULL, '2025-12-30 10:57:11', '2025-12-29 06:30:26', '2025-12-30 03:57:11'),
(12, 12, 3, 'Sumber', 12, 2025, 26000.00, 52000.00, 41240.00, 25, NULL, '2025-12-30 10:57:11', '2025-12-29 06:30:26', '2025-12-30 03:57:11'),
(13, 13, 3, 'Sumber', 12, 2025, 44000.00, 86000.00, 72400.00, 25, NULL, '2025-12-30 10:57:11', '2025-12-29 06:30:26', '2025-12-30 03:57:11'),
(14, 14, 3, 'Sumber', 12, 2025, 55000.00, 70000.00, 61818.00, 22, NULL, '2025-12-30 10:57:11', '2025-12-29 06:30:26', '2025-12-30 03:57:11'),
(15, 15, 3, 'Sumber', 12, 2025, 3000.00, 3000.00, 3000.00, 30, NULL, '2025-12-30 10:57:11', '2025-12-29 06:30:26', '2025-12-30 03:57:11'),
(16, 16, 3, 'Sumber', 12, 2025, 18000.00, 18000.00, 18000.00, 27, NULL, '2025-12-30 10:57:11', '2025-12-29 06:30:26', '2025-12-30 03:57:11'),
(17, 17, 3, 'Sumber', 12, 2025, 18000.00, 18000.00, 18000.00, 30, NULL, '2025-12-30 10:57:11', '2025-12-29 06:30:26', '2025-12-30 03:57:11'),
(18, 18, 3, 'Sumber', 12, 2025, 20000.00, 21000.00, 20037.00, 27, NULL, '2025-12-30 10:57:11', '2025-12-29 06:30:26', '2025-12-30 03:57:11'),
(19, 19, 3, 'Sumber', 12, 2025, 170000.00, 170000.00, 170000.00, 29, NULL, '2025-12-30 10:57:11', '2025-12-29 06:30:26', '2025-12-30 03:57:11'),
(20, 20, 3, 'Sumber', 12, 2025, 9500.00, 9500.00, 9500.00, 28, NULL, '2025-12-30 10:57:11', '2025-12-29 06:30:26', '2025-12-30 03:57:11'),
(21, 21, 3, 'Sumber', 12, 2025, 6000.00, 7000.00, 6966.00, 29, NULL, '2025-12-30 10:57:11', '2025-12-29 06:30:26', '2025-12-30 03:57:11'),
(22, 22, 3, 'Sumber', 12, 2025, 12500.00, 12500.00, 12500.00, 30, NULL, '2025-12-30 10:57:11', '2025-12-29 06:30:26', '2025-12-30 03:57:11'),
(23, 23, 3, 'Sumber', 12, 2025, 21000.00, 21000.00, 21000.00, 27, NULL, '2025-12-30 10:57:11', '2025-12-29 06:30:26', '2025-12-30 03:57:11'),
(24, 24, 3, 'Sumber', 12, 2025, 32000.00, 32000.00, 32000.00, 29, NULL, '2025-12-30 10:57:11', '2025-12-29 06:30:26', '2025-12-30 03:57:11'),
(25, 25, 3, 'Sumber', 12, 2025, 15000.00, 16000.00, 15500.00, 30, NULL, '2025-12-30 10:57:11', '2025-12-29 06:30:26', '2025-12-30 03:57:11'),
(26, 26, 3, 'Sumber', 12, 2025, 20000.00, 20000.00, 20000.00, 29, NULL, '2025-12-30 10:57:11', '2025-12-29 06:30:26', '2025-12-30 03:57:11'),
(27, 27, 3, 'Sumber', 12, 2025, 20000.00, 20000.00, 20000.00, 28, NULL, '2025-12-30 10:57:11', '2025-12-29 06:30:26', '2025-12-30 03:57:11'),
(28, 28, 3, 'Sumber', 12, 2025, 15000.00, 15000.00, 15000.00, 29, NULL, '2025-12-30 10:57:11', '2025-12-29 06:30:26', '2025-12-30 03:57:11'),
(29, 29, 3, 'Sumber', 12, 2025, 12000.00, 12000.00, 12000.00, 29, NULL, '2025-12-30 10:57:11', '2025-12-29 06:30:26', '2025-12-30 03:57:11'),
(30, 30, 3, 'Sumber', 12, 2025, 16000.00, 16000.00, 16000.00, 30, NULL, '2025-12-30 10:57:11', '2025-12-29 06:30:26', '2025-12-30 03:57:11'),
(31, 31, 3, 'Sumber', 12, 2025, 35000.00, 35000.00, 35000.00, 30, NULL, '2025-12-30 10:57:11', '2025-12-29 06:30:26', '2025-12-30 03:57:11'),
(32, 32, 3, 'Sumber', 12, 2025, 30000.00, 30000.00, 30000.00, 30, NULL, '2025-12-30 10:57:11', '2025-12-29 06:30:26', '2025-12-30 03:57:11'),
(33, 33, 3, 'Sumber', 12, 2025, 20000.00, 33000.00, 26933.00, 30, NULL, '2025-12-30 10:57:11', '2025-12-29 06:30:26', '2025-12-30 03:57:11'),
(34, 34, 3, 'Sumber', 12, 2025, 30000.00, 56000.00, 40417.00, 24, NULL, '2025-12-30 10:57:11', '2025-12-29 06:30:26', '2025-12-30 03:57:11'),
(35, 35, 3, 'Sumber', 12, 2025, 36000.00, 38000.00, 37000.00, 26, NULL, '2025-12-30 10:57:11', '2025-12-29 06:30:26', '2025-12-30 03:57:11'),
(36, 36, 3, 'Sumber', 12, 2025, 45000.00, 45000.00, 45000.00, 23, NULL, '2025-12-30 10:57:11', '2025-12-29 06:30:26', '2025-12-30 03:57:11'),
(37, 37, 3, 'Sumber', 12, 2025, 40000.00, 40000.00, 40000.00, 25, NULL, '2025-12-30 10:57:11', '2025-12-29 06:30:26', '2025-12-30 03:57:11'),
(38, 38, 3, 'Sumber', 12, 2025, 110000.00, 110000.00, 110000.00, 29, NULL, '2025-12-30 10:57:11', '2025-12-29 06:30:26', '2025-12-30 03:57:11'),
(39, 39, 3, 'Sumber', 12, 2025, 30000.00, 30000.00, 30000.00, 29, NULL, '2025-12-30 10:57:11', '2025-12-29 06:30:26', '2025-12-30 03:57:11'),
(40, 40, 3, 'Sumber', 12, 2025, 32000.00, 32000.00, 32000.00, 29, NULL, '2025-12-30 10:57:11', '2025-12-29 06:30:26', '2025-12-30 03:57:11'),
(41, 41, 3, 'Sumber', 12, 2025, 13000.00, 13000.00, 13000.00, 29, NULL, '2025-12-30 10:57:11', '2025-12-29 06:30:26', '2025-12-30 03:57:11'),
(42, 42, 3, 'Sumber', 12, 2025, 13500.00, 13500.00, 13500.00, 27, NULL, '2025-12-30 10:57:11', '2025-12-29 06:30:26', '2025-12-30 03:57:11'),
(43, 43, 3, 'Sumber', 12, 2025, 15500.00, 15500.00, 15500.00, 26, NULL, '2025-12-30 10:57:11', '2025-12-29 06:30:26', '2025-12-30 03:57:11'),
(44, 1, 16, 'Pasalaran', 12, 2025, 17000.00, 17000.00, 17000.00, 16, NULL, '2025-12-30 10:57:12', '2025-12-29 06:30:28', '2025-12-30 03:57:12'),
(45, 2, 16, 'Pasalaran', 12, 2025, 19000.00, 19000.00, 19000.00, 19, NULL, '2025-12-30 10:57:12', '2025-12-29 06:30:28', '2025-12-30 03:57:12'),
(46, 3, 16, 'Pasalaran', 12, 2025, 130000.00, 140000.00, 136875.00, 16, NULL, '2025-12-30 10:57:12', '2025-12-29 06:30:28', '2025-12-30 03:57:12'),
(47, 4, 16, 'Pasalaran', 12, 2025, 35000.00, 130000.00, 42250.00, 16, NULL, '2025-12-30 10:57:12', '2025-12-29 06:30:28', '2025-12-30 03:57:12'),
(48, 5, 16, 'Pasalaran', 12, 2025, 65000.00, 65000.00, 65000.00, 15, NULL, '2025-12-30 10:57:12', '2025-12-29 06:30:28', '2025-12-30 03:57:12'),
(49, 6, 16, 'Pasalaran', 12, 2025, 29000.00, 31000.00, 29267.00, 15, NULL, '2025-12-30 10:57:12', '2025-12-29 06:30:28', '2025-12-30 03:57:12'),
(50, 44, 16, 'Pasalaran', 12, 2025, 3000.00, 3000.00, 3000.00, 16, NULL, '2025-12-30 10:57:12', '2025-12-29 06:30:28', '2025-12-30 03:57:12'),
(51, 7, 16, 'Pasalaran', 12, 2025, 12000.00, 12000.00, 12000.00, 3, NULL, '2025-12-30 10:57:12', '2025-12-29 06:30:28', '2025-12-30 03:57:12'),
(52, 45, 16, 'Pasalaran', 12, 2025, 52700.00, 52700.00, 52700.00, 1, NULL, '2025-12-30 10:57:12', '2025-12-29 06:30:28', '2025-12-30 03:57:12'),
(53, 46, 16, 'Pasalaran', 12, 2025, 27000.00, 27000.00, 27000.00, 3, NULL, '2025-12-30 10:57:12', '2025-12-29 06:30:28', '2025-12-30 03:57:12'),
(54, 47, 16, 'Pasalaran', 12, 2025, 28000.00, 28000.00, 28000.00, 3, NULL, '2025-12-30 10:57:12', '2025-12-29 06:30:28', '2025-12-30 03:57:12'),
(55, 9, 16, 'Pasalaran', 12, 2025, 35000.00, 44000.00, 36750.00, 8, NULL, '2025-12-30 10:57:12', '2025-12-29 06:30:28', '2025-12-30 03:57:12'),
(56, 10, 16, 'Pasalaran', 12, 2025, 11000.00, 11000.00, 11000.00, 16, NULL, '2025-12-30 10:57:12', '2025-12-29 06:30:29', '2025-12-30 03:57:12'),
(57, 11, 16, 'Pasalaran', 12, 2025, 50000.00, 80000.00, 68667.00, 15, NULL, '2025-12-30 10:57:12', '2025-12-29 06:30:29', '2025-12-30 03:57:12'),
(58, 12, 16, 'Pasalaran', 12, 2025, 25000.00, 60000.00, 48846.00, 13, NULL, '2025-12-30 10:57:12', '2025-12-29 06:30:29', '2025-12-30 03:57:12'),
(59, 13, 16, 'Pasalaran', 12, 2025, 60000.00, 100000.00, 89231.00, 13, NULL, '2025-12-30 10:57:12', '2025-12-29 06:30:29', '2025-12-30 03:57:12'),
(60, 14, 16, 'Pasalaran', 12, 2025, 45000.00, 80000.00, 57692.00, 13, NULL, '2025-12-30 10:57:12', '2025-12-29 06:30:29', '2025-12-30 03:57:12'),
(61, 18, 16, 'Pasalaran', 12, 2025, 21000.00, 21000.00, 21000.00, 16, NULL, '2025-12-30 10:57:12', '2025-12-29 06:30:29', '2025-12-30 03:57:12'),
(62, 22, 16, 'Pasalaran', 12, 2025, 12000.00, 12000.00, 12000.00, 2, NULL, '2025-12-30 10:57:12', '2025-12-29 06:30:29', '2025-12-30 03:57:12'),
(63, 24, 16, 'Pasalaran', 12, 2025, 32000.00, 32000.00, 32000.00, 7, NULL, '2025-12-30 10:57:12', '2025-12-29 06:30:29', '2025-12-30 03:57:12'),
(64, 48, 16, 'Pasalaran', 12, 2025, 60000.00, 60000.00, 60000.00, 7, NULL, '2025-12-30 10:57:12', '2025-12-29 06:30:29', '2025-12-30 03:57:12'),
(65, 25, 16, 'Pasalaran', 12, 2025, 16000.00, 16000.00, 16000.00, 10, NULL, '2025-12-30 10:57:12', '2025-12-29 06:30:29', '2025-12-30 03:57:12'),
(66, 26, 16, 'Pasalaran', 12, 2025, 20000.00, 20000.00, 20000.00, 8, NULL, '2025-12-30 10:57:12', '2025-12-29 06:30:29', '2025-12-30 03:57:12'),
(67, 29, 16, 'Pasalaran', 12, 2025, 10000.00, 12000.00, 10444.00, 9, NULL, '2025-12-30 10:57:12', '2025-12-29 06:30:29', '2025-12-30 03:57:12'),
(68, 32, 16, 'Pasalaran', 12, 2025, 10000.00, 12000.00, 11556.00, 9, NULL, '2025-12-30 10:57:12', '2025-12-29 06:30:29', '2025-12-30 03:57:12'),
(69, 34, 16, 'Pasalaran', 12, 2025, 30000.00, 50000.00, 42333.00, 15, NULL, '2025-12-30 10:57:12', '2025-12-29 06:30:29', '2025-12-30 03:57:12'),
(70, 35, 16, 'Pasalaran', 12, 2025, 30000.00, 40000.00, 35000.00, 15, NULL, '2025-12-30 10:57:12', '2025-12-29 06:30:29', '2025-12-30 03:57:12'),
(71, 36, 16, 'Pasalaran', 12, 2025, 35000.00, 40000.00, 35357.00, 14, NULL, '2025-12-30 10:57:12', '2025-12-29 06:30:29', '2025-12-30 03:57:12'),
(72, 37, 16, 'Pasalaran', 12, 2025, 40000.00, 45000.00, 41667.00, 15, NULL, '2025-12-30 10:57:12', '2025-12-29 06:30:29', '2025-12-30 03:57:12'),
(73, 39, 16, 'Pasalaran', 12, 2025, 30000.00, 32000.00, 30571.00, 7, NULL, '2025-12-30 10:57:12', '2025-12-29 06:30:29', '2025-12-30 03:57:12'),
(74, 41, 16, 'Pasalaran', 12, 2025, 15000.00, 15000.00, 15000.00, 3, NULL, '2025-12-30 10:57:12', '2025-12-29 06:30:29', '2025-12-30 03:57:12'),
(75, 49, 16, 'Pasalaran', 12, 2025, 13000.00, 13000.00, 13000.00, 3, NULL, '2025-12-30 10:57:12', '2025-12-29 06:30:29', '2025-12-30 03:57:12'),
(76, 42, 16, 'Pasalaran', 12, 2025, 13000.00, 13000.00, 13000.00, 18, NULL, '2025-12-30 10:57:12', '2025-12-29 06:30:29', '2025-12-30 03:57:12'),
(77, 43, 16, 'Pasalaran', 12, 2025, 14500.00, 16000.00, 14924.00, 17, NULL, '2025-12-30 10:57:12', '2025-12-29 06:30:29', '2025-12-30 03:57:12'),
(78, 50, 16, 'Pasalaran', 12, 2025, 17000.00, 17000.00, 17000.00, 17, NULL, '2025-12-30 10:57:12', '2025-12-29 06:30:29', '2025-12-30 03:57:12'),
(79, 51, 17, 'Jamblang', 12, 2025, 6000.00, 6000.00, 6000.00, 3, NULL, '2025-12-30 10:57:13', '2025-12-29 06:30:30', '2025-12-30 03:57:13'),
(80, 1, 17, 'Jamblang', 12, 2025, 17000.00, 18000.00, 17523.00, 22, NULL, '2025-12-30 10:57:13', '2025-12-29 06:30:30', '2025-12-30 03:57:13'),
(81, 2, 17, 'Jamblang', 12, 2025, 19000.00, 20000.00, 19111.00, 27, NULL, '2025-12-30 10:57:13', '2025-12-29 06:30:30', '2025-12-30 03:57:13'),
(82, 3, 17, 'Jamblang', 12, 2025, 120000.00, 140000.00, 120800.00, 25, NULL, '2025-12-30 10:57:13', '2025-12-29 06:30:30', '2025-12-30 03:57:13'),
(83, 4, 17, 'Jamblang', 12, 2025, 32000.00, 39000.00, 35833.00, 24, NULL, '2025-12-30 10:57:13', '2025-12-29 06:30:30', '2025-12-30 03:57:13'),
(84, 6, 17, 'Jamblang', 12, 2025, 28000.00, 32000.00, 29600.00, 25, NULL, '2025-12-30 10:57:13', '2025-12-29 06:30:30', '2025-12-30 03:57:13'),
(85, 7, 17, 'Jamblang', 12, 2025, 8000.00, 8000.00, 8000.00, 3, NULL, '2025-12-30 10:57:13', '2025-12-29 06:30:30', '2025-12-30 03:57:13'),
(86, 8, 17, 'Jamblang', 12, 2025, 2500.00, 2500.00, 2500.00, 26, NULL, '2025-12-30 10:57:13', '2025-12-29 06:30:30', '2025-12-30 03:57:13'),
(87, 46, 17, 'Jamblang', 12, 2025, 27000.00, 27000.00, 27000.00, 1, NULL, '2025-12-30 10:57:13', '2025-12-29 06:30:30', '2025-12-30 03:57:13'),
(88, 9, 17, 'Jamblang', 12, 2025, 32000.00, 35000.00, 33000.00, 3, NULL, '2025-12-30 10:57:13', '2025-12-29 06:30:30', '2025-12-30 03:57:13'),
(89, 10, 17, 'Jamblang', 12, 2025, 12000.00, 12000.00, 12000.00, 3, NULL, '2025-12-30 10:57:13', '2025-12-29 06:30:30', '2025-12-30 03:57:13'),
(90, 11, 17, 'Jamblang', 12, 2025, 40000.00, 70000.00, 61250.00, 24, NULL, '2025-12-30 10:57:13', '2025-12-29 06:30:30', '2025-12-30 03:57:13'),
(91, 12, 17, 'Jamblang', 12, 2025, 28000.00, 55000.00, 43720.00, 25, NULL, '2025-12-30 10:57:13', '2025-12-29 06:30:30', '2025-12-30 03:57:13'),
(92, 13, 17, 'Jamblang', 12, 2025, 50000.00, 100000.00, 80731.00, 26, NULL, '2025-12-30 10:57:13', '2025-12-29 06:30:30', '2025-12-30 03:57:13'),
(93, 14, 17, 'Jamblang', 12, 2025, 48000.00, 80000.00, 59708.00, 24, NULL, '2025-12-30 10:57:13', '2025-12-29 06:30:30', '2025-12-30 03:57:13'),
(94, 52, 17, 'Jamblang', 12, 2025, 6000.00, 6000.00, 6000.00, 1, NULL, '2025-12-30 10:57:13', '2025-12-29 06:30:30', '2025-12-30 03:57:13'),
(95, 53, 17, 'Jamblang', 12, 2025, 10000.00, 10000.00, 10000.00, 23, NULL, '2025-12-30 10:57:13', '2025-12-29 06:30:30', '2025-12-30 03:57:13'),
(96, 16, 17, 'Jamblang', 12, 2025, 16000.00, 16000.00, 16000.00, 3, NULL, '2025-12-30 10:57:13', '2025-12-29 06:30:30', '2025-12-30 03:57:13'),
(97, 17, 17, 'Jamblang', 12, 2025, 18000.00, 18000.00, 18000.00, 3, NULL, '2025-12-30 10:57:13', '2025-12-29 06:30:30', '2025-12-30 03:57:13'),
(98, 18, 17, 'Jamblang', 12, 2025, 20000.00, 22000.00, 21000.00, 21, NULL, '2025-12-30 10:57:13', '2025-12-29 06:30:30', '2025-12-30 03:57:13'),
(99, 54, 17, 'Jamblang', 12, 2025, 3000.00, 3000.00, 3000.00, 1, NULL, '2025-12-30 10:57:13', '2025-12-29 06:30:30', '2025-12-30 03:57:13'),
(100, 55, 17, 'Jamblang', 12, 2025, 3500.00, 3500.00, 3500.00, 1, NULL, '2025-12-30 10:57:13', '2025-12-29 06:30:30', '2025-12-30 03:57:13'),
(101, 20, 17, 'Jamblang', 12, 2025, 9500.00, 12000.00, 10750.00, 2, NULL, '2025-12-30 10:57:13', '2025-12-29 06:30:30', '2025-12-30 03:57:13'),
(102, 21, 17, 'Jamblang', 12, 2025, 7000.00, 7000.00, 7000.00, 1, NULL, '2025-12-30 10:57:13', '2025-12-29 06:30:30', '2025-12-30 03:57:13'),
(103, 22, 17, 'Jamblang', 12, 2025, 8000.00, 8000.00, 8000.00, 3, NULL, '2025-12-30 10:57:13', '2025-12-29 06:30:30', '2025-12-30 03:57:13'),
(104, 23, 17, 'Jamblang', 12, 2025, 20000.00, 21000.00, 20174.00, 23, NULL, '2025-12-30 10:57:13', '2025-12-29 06:30:30', '2025-12-30 03:57:13'),
(105, 24, 17, 'Jamblang', 12, 2025, 32000.00, 35000.00, 33000.00, 3, NULL, '2025-12-30 10:57:13', '2025-12-29 06:30:30', '2025-12-30 03:57:13'),
(106, 48, 17, 'Jamblang', 12, 2025, 60000.00, 60000.00, 60000.00, 3, NULL, '2025-12-30 10:57:13', '2025-12-29 06:30:30', '2025-12-30 03:57:13'),
(107, 25, 17, 'Jamblang', 12, 2025, 14000.00, 16000.00, 15333.00, 3, NULL, '2025-12-30 10:57:13', '2025-12-29 06:30:30', '2025-12-30 03:57:13'),
(108, 26, 17, 'Jamblang', 12, 2025, 14000.00, 18000.00, 16667.00, 3, NULL, '2025-12-30 10:57:13', '2025-12-29 06:30:30', '2025-12-30 03:57:13'),
(109, 27, 17, 'Jamblang', 12, 2025, 15000.00, 15000.00, 15000.00, 1, NULL, '2025-12-30 10:57:13', '2025-12-29 06:30:30', '2025-12-30 03:57:13'),
(110, 28, 17, 'Jamblang', 12, 2025, 6000.00, 7000.00, 6667.00, 3, NULL, '2025-12-30 10:57:13', '2025-12-29 06:30:30', '2025-12-30 03:57:13'),
(111, 29, 17, 'Jamblang', 12, 2025, 8000.00, 10000.00, 8667.00, 3, NULL, '2025-12-30 10:57:13', '2025-12-29 06:30:30', '2025-12-30 03:57:13'),
(112, 30, 17, 'Jamblang', 12, 2025, 12000.00, 14000.00, 12667.00, 3, NULL, '2025-12-30 10:57:13', '2025-12-29 06:30:30', '2025-12-30 03:57:13'),
(113, 31, 17, 'Jamblang', 12, 2025, 15000.00, 16000.00, 15500.00, 2, NULL, '2025-12-30 10:57:13', '2025-12-29 06:30:30', '2025-12-30 03:57:13'),
(114, 32, 17, 'Jamblang', 12, 2025, 12000.00, 14000.00, 13000.00, 3, NULL, '2025-12-30 10:57:13', '2025-12-29 06:30:30', '2025-12-30 03:57:13'),
(115, 33, 17, 'Jamblang', 12, 2025, 25000.00, 30000.00, 28333.00, 3, NULL, '2025-12-30 10:57:13', '2025-12-29 06:30:30', '2025-12-30 03:57:13'),
(116, 34, 17, 'Jamblang', 12, 2025, 30000.00, 48000.00, 42038.00, 26, NULL, '2025-12-30 10:57:13', '2025-12-29 06:30:30', '2025-12-30 03:57:13'),
(117, 35, 17, 'Jamblang', 12, 2025, 30000.00, 38000.00, 33654.00, 26, NULL, '2025-12-30 10:57:13', '2025-12-29 06:30:30', '2025-12-30 03:57:13'),
(118, 36, 17, 'Jamblang', 12, 2025, 30000.00, 45000.00, 38840.00, 25, NULL, '2025-12-30 10:57:13', '2025-12-29 06:30:30', '2025-12-30 03:57:13'),
(119, 37, 17, 'Jamblang', 12, 2025, 36000.00, 46000.00, 40889.00, 27, NULL, '2025-12-30 10:57:13', '2025-12-29 06:30:30', '2025-12-30 03:57:13'),
(120, 38, 17, 'Jamblang', 12, 2025, 100000.00, 100000.00, 100000.00, 2, NULL, '2025-12-30 10:57:13', '2025-12-29 06:30:30', '2025-12-30 03:57:13'),
(121, 40, 17, 'Jamblang', 12, 2025, 32000.00, 35000.00, 33000.00, 3, NULL, '2025-12-30 10:57:13', '2025-12-29 06:30:30', '2025-12-30 03:57:13'),
(122, 41, 17, 'Jamblang', 12, 2025, 18000.00, 18000.00, 18000.00, 1, NULL, '2025-12-30 10:57:13', '2025-12-29 06:30:30', '2025-12-30 03:57:13'),
(123, 42, 17, 'Jamblang', 12, 2025, 13500.00, 14500.00, 13587.00, 23, NULL, '2025-12-30 10:57:13', '2025-12-29 06:30:30', '2025-12-30 03:57:13'),
(124, 43, 17, 'Jamblang', 12, 2025, 15000.00, 15500.00, 15458.00, 24, NULL, '2025-12-30 10:57:13', '2025-12-29 06:30:30', '2025-12-30 03:57:13'),
(125, 56, 17, 'Jamblang', 12, 2025, 15000.00, 15000.00, 15000.00, 3, NULL, '2025-12-30 10:57:13', '2025-12-29 06:30:30', '2025-12-30 03:57:13'),
(126, 51, 18, 'Palimanan', 12, 2025, 7000.00, 7500.00, 7053.00, 19, NULL, '2025-12-30 10:57:15', '2025-12-29 06:30:32', '2025-12-30 03:57:15'),
(127, 1, 18, 'Palimanan', 12, 2025, 17000.00, 18000.00, 17667.00, 30, NULL, '2025-12-30 10:57:15', '2025-12-29 06:30:32', '2025-12-30 03:57:15'),
(128, 2, 18, 'Palimanan', 12, 2025, 18000.00, 19500.00, 18167.00, 30, NULL, '2025-12-30 10:57:15', '2025-12-29 06:30:32', '2025-12-30 03:57:15'),
(129, 57, 18, 'Palimanan', 12, 2025, 19500.00, 20000.00, 19810.00, 21, NULL, '2025-12-30 10:57:15', '2025-12-29 06:30:32', '2025-12-30 03:57:15'),
(130, 3, 18, 'Palimanan', 12, 2025, 130000.00, 140000.00, 132310.00, 29, NULL, '2025-12-30 10:57:15', '2025-12-29 06:30:32', '2025-12-30 03:57:15'),
(131, 4, 18, 'Palimanan', 12, 2025, 35000.00, 40000.00, 37448.00, 29, NULL, '2025-12-30 10:57:15', '2025-12-29 06:30:32', '2025-12-30 03:57:15'),
(132, 5, 18, 'Palimanan', 12, 2025, 65000.00, 70000.00, 69185.00, 27, NULL, '2025-12-30 10:57:15', '2025-12-29 06:30:32', '2025-12-30 03:57:15'),
(133, 6, 18, 'Palimanan', 12, 2025, 29000.00, 31000.00, 29826.00, 23, NULL, '2025-12-30 10:57:15', '2025-12-29 06:30:32', '2025-12-30 03:57:15'),
(134, 44, 18, 'Palimanan', 12, 2025, 3000.00, 70000.00, 5919.00, 27, NULL, '2025-12-30 10:57:15', '2025-12-29 06:30:32', '2025-12-30 03:57:15'),
(135, 7, 18, 'Palimanan', 12, 2025, 12500.00, 12500.00, 12500.00, 28, NULL, '2025-12-30 10:57:15', '2025-12-29 06:30:32', '2025-12-30 03:57:15'),
(136, 58, 18, 'Palimanan', 12, 2025, 11000.00, 11500.00, 11268.00, 28, NULL, '2025-12-30 10:57:15', '2025-12-29 06:30:32', '2025-12-30 03:57:15'),
(137, 8, 18, 'Palimanan', 12, 2025, 2500.00, 2500.00, 2500.00, 6, NULL, '2025-12-30 10:57:15', '2025-12-29 06:30:32', '2025-12-30 03:57:15'),
(138, 46, 18, 'Palimanan', 12, 2025, 26.00, 30000.00, 26322.00, 28, NULL, '2025-12-30 10:57:15', '2025-12-29 06:30:32', '2025-12-30 03:57:15'),
(139, 47, 18, 'Palimanan', 12, 2025, 30000.00, 80000.00, 41273.00, 11, NULL, '2025-12-30 10:57:15', '2025-12-29 06:30:32', '2025-12-30 03:57:15'),
(140, 59, 18, 'Palimanan', 12, 2025, 80000.00, 80000.00, 80000.00, 13, NULL, '2025-12-30 10:57:15', '2025-12-29 06:30:32', '2025-12-30 03:57:15'),
(141, 9, 18, 'Palimanan', 12, 2025, 30000.00, 34000.00, 32400.00, 15, NULL, '2025-12-30 10:57:15', '2025-12-29 06:30:32', '2025-12-30 03:57:15'),
(142, 10, 18, 'Palimanan', 12, 2025, 12000.00, 12500.00, 12056.00, 27, NULL, '2025-12-30 10:57:15', '2025-12-29 06:30:32', '2025-12-30 03:57:15'),
(143, 11, 18, 'Palimanan', 12, 2025, 55000.00, 66000.00, 63679.00, 28, NULL, '2025-12-30 10:57:15', '2025-12-29 06:30:32', '2025-12-30 03:57:15'),
(144, 12, 18, 'Palimanan', 12, 2025, 30000.00, 60000.00, 49429.00, 28, NULL, '2025-12-30 10:57:15', '2025-12-29 06:30:32', '2025-12-30 03:57:15'),
(145, 13, 18, 'Palimanan', 12, 2025, 40000.00, 100000.00, 62536.00, 28, NULL, '2025-12-30 10:57:15', '2025-12-29 06:30:32', '2025-12-30 03:57:15'),
(146, 14, 18, 'Palimanan', 12, 2025, 32000.00, 60000.00, 45333.00, 24, NULL, '2025-12-30 10:57:15', '2025-12-29 06:30:32', '2025-12-30 03:57:15'),
(147, 52, 18, 'Palimanan', 12, 2025, 6000.00, 6500.00, 6083.00, 6, NULL, '2025-12-30 10:57:15', '2025-12-29 06:30:32', '2025-12-30 03:57:15'),
(148, 15, 18, 'Palimanan', 12, 2025, 3000.00, 3000.00, 3000.00, 9, NULL, '2025-12-30 10:57:15', '2025-12-29 06:30:32', '2025-12-30 03:57:15'),
(149, 53, 18, 'Palimanan', 12, 2025, 10000.00, 10000.00, 10000.00, 1, NULL, '2025-12-30 10:57:15', '2025-12-29 06:30:32', '2025-12-30 03:57:15'),
(150, 16, 18, 'Palimanan', 12, 2025, 18000.00, 20000.00, 19100.00, 25, NULL, '2025-12-30 10:57:15', '2025-12-29 06:30:32', '2025-12-30 03:57:15'),
(151, 17, 18, 'Palimanan', 12, 2025, 18000.00, 18000.00, 18000.00, 25, NULL, '2025-12-30 10:57:15', '2025-12-29 06:30:32', '2025-12-30 03:57:15'),
(152, 18, 18, 'Palimanan', 12, 2025, 20000.00, 21000.00, 20957.00, 23, NULL, '2025-12-30 10:57:15', '2025-12-29 06:30:32', '2025-12-30 03:57:15'),
(153, 54, 18, 'Palimanan', 12, 2025, 3000.00, 3500.00, 3019.00, 26, NULL, '2025-12-30 10:57:15', '2025-12-29 06:30:32', '2025-12-30 03:57:15'),
(154, 55, 18, 'Palimanan', 12, 2025, 3800.00, 4000.00, 3993.00, 27, NULL, '2025-12-30 10:57:15', '2025-12-29 06:30:32', '2025-12-30 03:57:15'),
(155, 20, 18, 'Palimanan', 12, 2025, 9000.00, 9500.00, 9417.00, 18, NULL, '2025-12-30 10:57:15', '2025-12-29 06:30:32', '2025-12-30 03:57:15'),
(156, 21, 18, 'Palimanan', 12, 2025, 7000.00, 9500.00, 7147.00, 17, NULL, '2025-12-30 10:57:15', '2025-12-29 06:30:32', '2025-12-30 03:57:15'),
(157, 22, 18, 'Palimanan', 12, 2025, 12500.00, 12500.00, 12500.00, 24, NULL, '2025-12-30 10:57:15', '2025-12-29 06:30:32', '2025-12-30 03:57:15'),
(158, 60, 18, 'Palimanan', 12, 2025, 11000.00, 11500.00, 11292.00, 24, NULL, '2025-12-30 10:57:15', '2025-12-29 06:30:32', '2025-12-30 03:57:15'),
(159, 23, 18, 'Palimanan', 12, 2025, 20000.00, 21000.00, 20040.00, 25, NULL, '2025-12-30 10:57:15', '2025-12-29 06:30:32', '2025-12-30 03:57:15'),
(160, 61, 18, 'Palimanan', 12, 2025, 40000.00, 40000.00, 40000.00, 1, NULL, '2025-12-30 10:57:15', '2025-12-29 06:30:32', '2025-12-30 03:57:15'),
(161, 24, 18, 'Palimanan', 12, 2025, 30000.00, 38000.00, 32600.00, 20, NULL, '2025-12-30 10:57:15', '2025-12-29 06:30:32', '2025-12-30 03:57:15'),
(162, 48, 18, 'Palimanan', 12, 2025, 65000.00, 70000.00, 66429.00, 14, NULL, '2025-12-30 10:57:15', '2025-12-29 06:30:32', '2025-12-30 03:57:15'),
(163, 25, 18, 'Palimanan', 12, 2025, 14000.00, 16000.00, 14667.00, 27, NULL, '2025-12-30 10:57:15', '2025-12-29 06:30:32', '2025-12-30 03:57:15'),
(164, 26, 18, 'Palimanan', 12, 2025, 16.00, 24000.00, 16889.00, 27, NULL, '2025-12-30 10:57:15', '2025-12-29 06:30:32', '2025-12-30 03:57:15'),
(165, 27, 18, 'Palimanan', 12, 2025, 12000.00, 20000.00, 16250.00, 18, NULL, '2025-12-30 10:57:15', '2025-12-29 06:30:32', '2025-12-30 03:57:15'),
(166, 28, 18, 'Palimanan', 12, 2025, 6000.00, 12000.00, 8000.00, 28, NULL, '2025-12-30 10:57:15', '2025-12-29 06:30:32', '2025-12-30 03:57:15'),
(167, 29, 18, 'Palimanan', 12, 2025, 6000.00, 12000.00, 9103.00, 29, NULL, '2025-12-30 10:57:15', '2025-12-29 06:30:32', '2025-12-30 03:57:15'),
(168, 30, 18, 'Palimanan', 12, 2025, 12000.00, 24000.00, 16304.00, 28, NULL, '2025-12-30 10:57:15', '2025-12-29 06:30:32', '2025-12-30 03:57:15'),
(169, 31, 18, 'Palimanan', 12, 2025, 16000.00, 24000.00, 19840.00, 25, NULL, '2025-12-30 10:57:15', '2025-12-29 06:30:32', '2025-12-30 03:57:15'),
(170, 32, 18, 'Palimanan', 12, 2025, 10.00, 12000.00, 9600.00, 30, NULL, '2025-12-30 10:57:15', '2025-12-29 06:30:32', '2025-12-30 03:57:15'),
(171, 33, 18, 'Palimanan', 12, 2025, 20000.00, 36000.00, 27724.00, 29, NULL, '2025-12-30 10:57:15', '2025-12-29 06:30:32', '2025-12-30 03:57:15'),
(172, 34, 18, 'Palimanan', 12, 2025, 30000.00, 60000.00, 45038.00, 26, NULL, '2025-12-30 10:57:15', '2025-12-29 06:30:32', '2025-12-30 03:57:15'),
(173, 35, 18, 'Palimanan', 12, 2025, 32000.00, 40000.00, 35286.00, 28, NULL, '2025-12-30 10:57:15', '2025-12-29 06:30:32', '2025-12-30 03:57:15'),
(174, 36, 18, 'Palimanan', 12, 2025, 30000.00, 40000.00, 32560.00, 25, NULL, '2025-12-30 10:57:15', '2025-12-29 06:30:32', '2025-12-30 03:57:15'),
(175, 37, 18, 'Palimanan', 12, 2025, 40000.00, 46000.00, 41846.00, 26, NULL, '2025-12-30 10:57:15', '2025-12-29 06:30:32', '2025-12-30 03:57:15'),
(176, 38, 18, 'Palimanan', 12, 2025, 110000.00, 170000.00, 112308.00, 26, NULL, '2025-12-30 10:57:15', '2025-12-29 06:30:32', '2025-12-30 03:57:15'),
(177, 39, 18, 'Palimanan', 12, 2025, 30000.00, 36000.00, 30529.00, 17, NULL, '2025-12-30 10:57:15', '2025-12-29 06:30:32', '2025-12-30 03:57:15'),
(178, 40, 18, 'Palimanan', 12, 2025, 24000.00, 35000.00, 29500.00, 2, NULL, '2025-12-30 10:57:15', '2025-12-29 06:30:32', '2025-12-30 03:57:15'),
(179, 41, 18, 'Palimanan', 12, 2025, 13500.00, 14000.00, 13593.00, 27, NULL, '2025-12-30 10:57:15', '2025-12-29 06:30:32', '2025-12-30 03:57:15'),
(180, 49, 18, 'Palimanan', 12, 2025, 13000.00, 13500.00, 13063.00, 8, NULL, '2025-12-30 10:57:15', '2025-12-29 06:30:32', '2025-12-30 03:57:15'),
(181, 42, 18, 'Palimanan', 12, 2025, 13500.00, 14000.00, 13983.00, 30, NULL, '2025-12-30 10:57:15', '2025-12-29 06:30:32', '2025-12-30 03:57:15'),
(182, 62, 18, 'Palimanan', 12, 2025, 13000.00, 13500.00, 13017.00, 29, NULL, '2025-12-30 10:57:15', '2025-12-29 06:30:32', '2025-12-30 03:57:15'),
(183, 43, 18, 'Palimanan', 12, 2025, 15000.00, 15500.00, 15482.00, 28, NULL, '2025-12-30 10:57:15', '2025-12-29 06:30:32', '2025-12-30 03:57:15'),
(184, 50, 18, 'Palimanan', 12, 2025, 16000.00, 16000.00, 16000.00, 1, NULL, '2025-12-30 10:57:15', '2025-12-29 06:30:32', '2025-12-30 03:57:15'),
(185, 1, 19, 'Cipeujeuh', 12, 2025, 18000.00, 18000.00, 18000.00, 29, NULL, '2025-12-30 10:57:16', '2025-12-29 06:30:34', '2025-12-30 03:57:16'),
(186, 2, 19, 'Cipeujeuh', 12, 2025, 20000.00, 20000.00, 20000.00, 29, NULL, '2025-12-30 10:57:16', '2025-12-29 06:30:34', '2025-12-30 03:57:16'),
(187, 3, 19, 'Cipeujeuh', 12, 2025, 130000.00, 140000.00, 130357.00, 28, NULL, '2025-12-30 10:57:16', '2025-12-29 06:30:34', '2025-12-30 03:57:16'),
(188, 4, 19, 'Cipeujeuh', 12, 2025, 35000.00, 40000.00, 38500.00, 28, NULL, '2025-12-30 10:57:16', '2025-12-29 06:30:34', '2025-12-30 03:57:16'),
(189, 6, 19, 'Cipeujeuh', 12, 2025, 30000.00, 32000.00, 30542.00, 24, NULL, '2025-12-30 10:57:16', '2025-12-29 06:30:34', '2025-12-30 03:57:16'),
(190, 10, 19, 'Cipeujeuh', 12, 2025, 12000.00, 12000.00, 12000.00, 29, NULL, '2025-12-30 10:57:16', '2025-12-29 06:30:34', '2025-12-30 03:57:16'),
(191, 11, 19, 'Cipeujeuh', 12, 2025, 32000.00, 60000.00, 47926.00, 27, NULL, '2025-12-30 10:57:16', '2025-12-29 06:30:34', '2025-12-30 03:57:16'),
(192, 12, 19, 'Cipeujeuh', 12, 2025, 24000.00, 48000.00, 37704.00, 27, NULL, '2025-12-30 10:57:16', '2025-12-29 06:30:34', '2025-12-30 03:57:16'),
(193, 13, 19, 'Cipeujeuh', 12, 2025, 64000.00, 95000.00, 79893.00, 28, NULL, '2025-12-30 10:57:16', '2025-12-29 06:30:34', '2025-12-30 03:57:16'),
(194, 14, 19, 'Cipeujeuh', 12, 2025, 48000.00, 80000.00, 61654.00, 26, NULL, '2025-12-30 10:57:16', '2025-12-29 06:30:34', '2025-12-30 03:57:16'),
(195, 18, 19, 'Cipeujeuh', 12, 2025, 21000.00, 22000.00, 21037.00, 27, NULL, '2025-12-30 10:57:16', '2025-12-29 06:30:34', '2025-12-30 03:57:16'),
(196, 25, 19, 'Cipeujeuh', 12, 2025, 13000.00, 15000.00, 14259.00, 27, NULL, '2025-12-30 10:57:16', '2025-12-29 06:30:34', '2025-12-30 03:57:16'),
(197, 34, 19, 'Cipeujeuh', 12, 2025, 28000.00, 49000.00, 37185.00, 27, NULL, '2025-12-30 10:57:16', '2025-12-29 06:30:34', '2025-12-30 03:57:16'),
(198, 35, 19, 'Cipeujeuh', 12, 2025, 32000.00, 34000.00, 32786.00, 28, NULL, '2025-12-30 10:57:16', '2025-12-29 06:30:34', '2025-12-30 03:57:16'),
(199, 37, 19, 'Cipeujeuh', 12, 2025, 40000.00, 40000.00, 40000.00, 28, NULL, '2025-12-30 10:57:16', '2025-12-29 06:30:34', '2025-12-30 03:57:16'),
(200, 42, 19, 'Cipeujeuh', 12, 2025, 13500.00, 14000.00, 13946.00, 28, NULL, '2025-12-30 10:57:16', '2025-12-29 06:30:34', '2025-12-30 03:57:16'),
(201, 43, 19, 'Cipeujeuh', 12, 2025, 15500.00, 15500.00, 15500.00, 27, NULL, '2025-12-30 10:57:16', '2025-12-29 06:30:34', '2025-12-30 03:57:16'),
(202, 51, 20, 'Babakan', 12, 2025, 7000.00, 7000.00, 7000.00, 28, NULL, '2025-12-30 10:57:18', '2025-12-29 06:30:36', '2025-12-30 03:57:18'),
(203, 1, 20, 'Babakan', 12, 2025, 17000.00, 18000.00, 17037.00, 27, NULL, '2025-12-30 10:57:18', '2025-12-29 06:30:36', '2025-12-30 03:57:18'),
(204, 2, 20, 'Babakan', 12, 2025, 19500.00, 19500.00, 19500.00, 28, NULL, '2025-12-30 10:57:18', '2025-12-29 06:30:36', '2025-12-30 03:57:18'),
(205, 3, 20, 'Babakan', 12, 2025, 140000.00, 140000.00, 140000.00, 26, NULL, '2025-12-30 10:57:18', '2025-12-29 06:30:36', '2025-12-30 03:57:18'),
(206, 4, 20, 'Babakan', 12, 2025, 38000.00, 40000.00, 39259.00, 27, NULL, '2025-12-30 10:57:18', '2025-12-29 06:30:36', '2025-12-30 03:57:18'),
(207, 6, 20, 'Babakan', 12, 2025, 29000.00, 32000.00, 30474.00, 19, NULL, '2025-12-30 10:57:18', '2025-12-29 06:30:36', '2025-12-30 03:57:18'),
(208, 44, 20, 'Babakan', 12, 2025, 3000.00, 3500.00, 3231.00, 26, NULL, '2025-12-30 10:57:18', '2025-12-29 06:30:36', '2025-12-30 03:57:18'),
(209, 7, 20, 'Babakan', 12, 2025, 12500.00, 12500.00, 12500.00, 28, NULL, '2025-12-30 10:57:18', '2025-12-29 06:30:36', '2025-12-30 03:57:18'),
(210, 8, 20, 'Babakan', 12, 2025, 2500.00, 2500.00, 2500.00, 28, NULL, '2025-12-30 10:57:18', '2025-12-29 06:30:36', '2025-12-30 03:57:18'),
(211, 46, 20, 'Babakan', 12, 2025, 24000.00, 26000.00, 25037.00, 27, NULL, '2025-12-30 10:57:18', '2025-12-29 06:30:36', '2025-12-30 03:57:18'),
(212, 47, 20, 'Babakan', 12, 2025, 26000.00, 42000.00, 39571.00, 28, NULL, '2025-12-30 10:57:18', '2025-12-29 06:30:36', '2025-12-30 03:57:18'),
(213, 59, 20, 'Babakan', 12, 2025, 80000.00, 80000.00, 80000.00, 28, NULL, '2025-12-30 10:57:18', '2025-12-29 06:30:36', '2025-12-30 03:57:18'),
(214, 9, 20, 'Babakan', 12, 2025, 40000.00, 45000.00, 40357.00, 28, NULL, '2025-12-30 10:57:18', '2025-12-29 06:30:36', '2025-12-30 03:57:18'),
(215, 10, 20, 'Babakan', 12, 2025, 12000.00, 12000.00, 12000.00, 28, NULL, '2025-12-30 10:57:18', '2025-12-29 06:30:36', '2025-12-30 03:57:18'),
(216, 11, 20, 'Babakan', 12, 2025, 40000.00, 65000.00, 54792.00, 24, NULL, '2025-12-30 10:57:18', '2025-12-29 06:30:36', '2025-12-30 03:57:18'),
(217, 12, 20, 'Babakan', 12, 2025, 30000.00, 65000.00, 49545.00, 22, NULL, '2025-12-30 10:57:18', '2025-12-29 06:30:36', '2025-12-30 03:57:18'),
(218, 13, 20, 'Babakan', 12, 2025, 50000.00, 90000.00, 71818.00, 22, NULL, '2025-12-30 10:57:18', '2025-12-29 06:30:36', '2025-12-30 03:57:18'),
(219, 14, 20, 'Babakan', 12, 2025, 48000.00, 65000.00, 52200.00, 20, NULL, '2025-12-30 10:57:18', '2025-12-29 06:30:36', '2025-12-30 03:57:18'),
(220, 15, 20, 'Babakan', 12, 2025, 3000.00, 3000.00, 3000.00, 28, NULL, '2025-12-30 10:57:18', '2025-12-29 06:30:36', '2025-12-30 03:57:18'),
(221, 18, 20, 'Babakan', 12, 2025, 22000.00, 22000.00, 22000.00, 26, NULL, '2025-12-30 10:57:18', '2025-12-29 06:30:36', '2025-12-30 03:57:18'),
(222, 54, 20, 'Babakan', 12, 2025, 3500.00, 3500.00, 3500.00, 27, NULL, '2025-12-30 10:57:18', '2025-12-29 06:30:36', '2025-12-30 03:57:18'),
(223, 55, 20, 'Babakan', 12, 2025, 4000.00, 4000.00, 4000.00, 26, NULL, '2025-12-30 10:57:18', '2025-12-29 06:30:36', '2025-12-30 03:57:18'),
(224, 61, 20, 'Babakan', 12, 2025, 40000.00, 40000.00, 40000.00, 28, NULL, '2025-12-30 10:57:18', '2025-12-29 06:30:36', '2025-12-30 03:57:18'),
(225, 24, 20, 'Babakan', 12, 2025, 38000.00, 40000.00, 38185.00, 27, NULL, '2025-12-30 10:57:18', '2025-12-29 06:30:36', '2025-12-30 03:57:18'),
(226, 48, 20, 'Babakan', 12, 2025, 70000.00, 100000.00, 72143.00, 28, NULL, '2025-12-30 10:57:18', '2025-12-29 06:30:36', '2025-12-30 03:57:18'),
(227, 63, 20, 'Babakan', 12, 2025, 80000.00, 80000.00, 80000.00, 28, NULL, '2025-12-30 10:57:18', '2025-12-29 06:30:36', '2025-12-30 03:57:18'),
(228, 25, 20, 'Babakan', 12, 2025, 15000.00, 15000.00, 15000.00, 28, NULL, '2025-12-30 10:57:18', '2025-12-29 06:30:36', '2025-12-30 03:57:18'),
(229, 26, 20, 'Babakan', 12, 2025, 16000.00, 20000.00, 17571.00, 28, NULL, '2025-12-30 10:57:18', '2025-12-29 06:30:36', '2025-12-30 03:57:18'),
(230, 27, 20, 'Babakan', 12, 2025, 10000.00, 16000.00, 13393.00, 28, NULL, '2025-12-30 10:57:18', '2025-12-29 06:30:36', '2025-12-30 03:57:18'),
(231, 28, 20, 'Babakan', 12, 2025, 5000.00, 6000.00, 5444.00, 27, NULL, '2025-12-30 10:57:18', '2025-12-29 06:30:36', '2025-12-30 03:57:18'),
(232, 29, 20, 'Babakan', 12, 2025, 7000.00, 10000.00, 8607.00, 28, NULL, '2025-12-30 10:57:18', '2025-12-29 06:30:36', '2025-12-30 03:57:18'),
(233, 30, 20, 'Babakan', 12, 2025, 10000.00, 10000.00, 10000.00, 28, NULL, '2025-12-30 10:57:18', '2025-12-29 06:30:36', '2025-12-30 03:57:18'),
(234, 32, 20, 'Babakan', 12, 2025, 10000.00, 14000.00, 10786.00, 28, NULL, '2025-12-30 10:57:18', '2025-12-29 06:30:36', '2025-12-30 03:57:18'),
(235, 33, 20, 'Babakan', 12, 2025, 20000.00, 28000.00, 25185.00, 27, NULL, '2025-12-30 10:57:18', '2025-12-29 06:30:36', '2025-12-30 03:57:18'),
(236, 34, 20, 'Babakan', 12, 2025, 14000.00, 45000.00, 37909.00, 22, NULL, '2025-12-30 10:57:18', '2025-12-29 06:30:36', '2025-12-30 03:57:18'),
(237, 35, 20, 'Babakan', 12, 2025, 30000.00, 32000.00, 31040.00, 25, NULL, '2025-12-30 10:57:18', '2025-12-29 06:30:36', '2025-12-30 03:57:18'),
(238, 36, 20, 'Babakan', 12, 2025, 30000.00, 45000.00, 33200.00, 25, NULL, '2025-12-30 10:57:18', '2025-12-29 06:30:36', '2025-12-30 03:57:18'),
(239, 41, 20, 'Babakan', 12, 2025, 14000.00, 14000.00, 14000.00, 27, NULL, '2025-12-30 10:57:18', '2025-12-29 06:30:36', '2025-12-30 03:57:18'),
(240, 42, 20, 'Babakan', 12, 2025, 14000.00, 14000.00, 14000.00, 25, NULL, '2025-12-30 10:57:18', '2025-12-29 06:30:36', '2025-12-30 03:57:18'),
(241, 43, 20, 'Babakan', 12, 2025, 15000.00, 15500.00, 15020.00, 25, NULL, '2025-12-30 10:57:18', '2025-12-29 06:30:36', '2025-12-30 03:57:18'),
(242, 51, 21, 'Ciledug', 12, 2025, 7000.00, 7000.00, 7000.00, 29, NULL, '2025-12-30 10:57:20', '2025-12-29 06:30:38', '2025-12-30 03:57:20'),
(243, 1, 21, 'Ciledug', 12, 2025, 18000.00, 18000.00, 18000.00, 29, NULL, '2025-12-30 10:57:20', '2025-12-29 06:30:38', '2025-12-30 03:57:20'),
(244, 2, 21, 'Ciledug', 12, 2025, 19500.00, 19500.00, 19500.00, 28, NULL, '2025-12-30 10:57:20', '2025-12-29 06:30:38', '2025-12-30 03:57:20'),
(245, 3, 21, 'Ciledug', 12, 2025, 14000.00, 140000.00, 135333.00, 27, NULL, '2025-12-30 10:57:20', '2025-12-29 06:30:38', '2025-12-30 03:57:20'),
(246, 4, 21, 'Ciledug', 12, 2025, 38000.00, 40000.00, 39321.00, 28, NULL, '2025-12-30 10:57:20', '2025-12-29 06:30:38', '2025-12-30 03:57:20'),
(247, 6, 21, 'Ciledug', 12, 2025, 29000.00, 32000.00, 30423.00, 26, NULL, '2025-12-30 10:57:20', '2025-12-29 06:30:38', '2025-12-30 03:57:20'),
(248, 44, 21, 'Ciledug', 12, 2025, 3500.00, 3500.00, 3500.00, 27, NULL, '2025-12-30 10:57:20', '2025-12-29 06:30:38', '2025-12-30 03:57:20'),
(249, 7, 21, 'Ciledug', 12, 2025, 12500.00, 12500.00, 12500.00, 27, NULL, '2025-12-30 10:57:20', '2025-12-29 06:30:38', '2025-12-30 03:57:20'),
(250, 58, 21, 'Ciledug', 12, 2025, 11000.00, 11000.00, 11000.00, 27, NULL, '2025-12-30 10:57:20', '2025-12-29 06:30:38', '2025-12-30 03:57:20'),
(251, 8, 21, 'Ciledug', 12, 2025, 2500.00, 2500.00, 2500.00, 27, NULL, '2025-12-30 10:57:20', '2025-12-29 06:30:38', '2025-12-30 03:57:20'),
(252, 46, 21, 'Ciledug', 12, 2025, 25000.00, 26000.00, 25444.00, 27, NULL, '2025-12-30 10:57:20', '2025-12-29 06:30:38', '2025-12-30 03:57:20'),
(253, 47, 21, 'Ciledug', 12, 2025, 35000.00, 42000.00, 38185.00, 27, NULL, '2025-12-30 10:57:20', '2025-12-29 06:30:38', '2025-12-30 03:57:20'),
(254, 59, 21, 'Ciledug', 12, 2025, 80000.00, 80000.00, 80000.00, 27, NULL, '2025-12-30 10:57:20', '2025-12-29 06:30:38', '2025-12-30 03:57:20'),
(255, 9, 21, 'Ciledug', 12, 2025, 38000.00, 38000.00, 38000.00, 27, NULL, '2025-12-30 10:57:20', '2025-12-29 06:30:38', '2025-12-30 03:57:20'),
(256, 10, 21, 'Ciledug', 12, 2025, 12000.00, 12000.00, 12000.00, 27, NULL, '2025-12-30 10:57:20', '2025-12-29 06:30:38', '2025-12-30 03:57:20'),
(257, 11, 21, 'Ciledug', 12, 2025, 40000.00, 70000.00, 62593.00, 27, NULL, '2025-12-30 10:57:20', '2025-12-29 06:30:38', '2025-12-30 03:57:20'),
(258, 12, 21, 'Ciledug', 12, 2025, 26000.00, 60000.00, 44889.00, 27, NULL, '2025-12-30 10:57:20', '2025-12-29 06:30:38', '2025-12-30 03:57:20'),
(259, 13, 21, 'Ciledug', 12, 2025, 50000.00, 90000.00, 76778.00, 27, NULL, '2025-12-30 10:57:20', '2025-12-29 06:30:38', '2025-12-30 03:57:20'),
(260, 14, 21, 'Ciledug', 12, 2025, 48000.00, 60000.00, 53923.00, 26, NULL, '2025-12-30 10:57:20', '2025-12-29 06:30:38', '2025-12-30 03:57:20'),
(261, 52, 21, 'Ciledug', 12, 2025, 6000.00, 6000.00, 6000.00, 27, NULL, '2025-12-30 10:57:20', '2025-12-29 06:30:38', '2025-12-30 03:57:20'),
(262, 15, 21, 'Ciledug', 12, 2025, 3000.00, 3000.00, 3000.00, 27, NULL, '2025-12-30 10:57:20', '2025-12-29 06:30:38', '2025-12-30 03:57:20'),
(263, 53, 21, 'Ciledug', 12, 2025, 10000.00, 12000.00, 11704.00, 27, NULL, '2025-12-30 10:57:20', '2025-12-29 06:30:38', '2025-12-30 03:57:20'),
(264, 16, 21, 'Ciledug', 12, 2025, 18000.00, 18000.00, 18000.00, 26, NULL, '2025-12-30 10:57:20', '2025-12-29 06:30:38', '2025-12-30 03:57:20'),
(265, 17, 21, 'Ciledug', 12, 2025, 19000.00, 19000.00, 19000.00, 27, NULL, '2025-12-30 10:57:20', '2025-12-29 06:30:38', '2025-12-30 03:57:20'),
(266, 18, 21, 'Ciledug', 12, 2025, 21000.00, 21000.00, 21000.00, 26, NULL, '2025-12-30 10:57:20', '2025-12-29 06:30:38', '2025-12-30 03:57:20'),
(267, 19, 21, 'Ciledug', 12, 2025, 170000.00, 170000.00, 170000.00, 26, NULL, '2025-12-30 10:57:20', '2025-12-29 06:30:38', '2025-12-30 03:57:20'),
(268, 54, 21, 'Ciledug', 12, 2025, 3500.00, 3500.00, 3500.00, 26, NULL, '2025-12-30 10:57:20', '2025-12-29 06:30:38', '2025-12-30 03:57:20'),
(269, 55, 21, 'Ciledug', 12, 2025, 4000.00, 4000.00, 4000.00, 26, NULL, '2025-12-30 10:57:20', '2025-12-29 06:30:38', '2025-12-30 03:57:20'),
(270, 20, 21, 'Ciledug', 12, 2025, 9500.00, 9500.00, 9500.00, 25, NULL, '2025-12-30 10:57:20', '2025-12-29 06:30:38', '2025-12-30 03:57:20'),
(271, 21, 21, 'Ciledug', 12, 2025, 7000.00, 7000.00, 7000.00, 26, NULL, '2025-12-30 10:57:20', '2025-12-29 06:30:38', '2025-12-30 03:57:20'),
(272, 22, 21, 'Ciledug', 12, 2025, 12500.00, 12500.00, 12500.00, 26, NULL, '2025-12-30 10:57:20', '2025-12-29 06:30:38', '2025-12-30 03:57:20'),
(273, 60, 21, 'Ciledug', 12, 2025, 11000.00, 11000.00, 11000.00, 26, NULL, '2025-12-30 10:57:20', '2025-12-29 06:30:38', '2025-12-30 03:57:20'),
(274, 61, 21, 'Ciledug', 12, 2025, 40000.00, 40000.00, 40000.00, 26, NULL, '2025-12-30 10:57:20', '2025-12-29 06:30:38', '2025-12-30 03:57:20'),
(275, 24, 21, 'Ciledug', 12, 2025, 32000.00, 32000.00, 32000.00, 26, NULL, '2025-12-30 10:57:20', '2025-12-29 06:30:38', '2025-12-30 03:57:20'),
(276, 48, 21, 'Ciledug', 12, 2025, 70000.00, 70000.00, 70000.00, 26, NULL, '2025-12-30 10:57:20', '2025-12-29 06:30:38', '2025-12-30 03:57:20'),
(277, 63, 21, 'Ciledug', 12, 2025, 80000.00, 80000.00, 80000.00, 26, NULL, '2025-12-30 10:57:20', '2025-12-29 06:30:38', '2025-12-30 03:57:20'),
(278, 25, 21, 'Ciledug', 12, 2025, 15000.00, 15000.00, 15000.00, 26, NULL, '2025-12-30 10:57:20', '2025-12-29 06:30:38', '2025-12-30 03:57:20'),
(279, 26, 21, 'Ciledug', 12, 2025, 16000.00, 20000.00, 17654.00, 26, NULL, '2025-12-30 10:57:20', '2025-12-29 06:30:38', '2025-12-30 03:57:20'),
(280, 27, 21, 'Ciledug', 12, 2025, 10000.00, 16000.00, 13400.00, 25, NULL, '2025-12-30 10:57:20', '2025-12-29 06:30:38', '2025-12-30 03:57:20'),
(281, 28, 21, 'Ciledug', 12, 2025, 5000.00, 6000.00, 5500.00, 26, NULL, '2025-12-30 10:57:20', '2025-12-29 06:30:38', '2025-12-30 03:57:20'),
(282, 29, 21, 'Ciledug', 12, 2025, 12000.00, 12000.00, 12000.00, 26, NULL, '2025-12-30 10:57:20', '2025-12-29 06:30:38', '2025-12-30 03:57:20'),
(283, 30, 21, 'Ciledug', 12, 2025, 16000.00, 16000.00, 16000.00, 26, NULL, '2025-12-30 10:57:20', '2025-12-29 06:30:38', '2025-12-30 03:57:20'),
(284, 31, 21, 'Ciledug', 12, 2025, 16000.00, 24000.00, 21077.00, 26, NULL, '2025-12-30 10:57:20', '2025-12-29 06:30:38', '2025-12-30 03:57:20'),
(285, 32, 21, 'Ciledug', 12, 2025, 10000.00, 16000.00, 10800.00, 25, NULL, '2025-12-30 10:57:20', '2025-12-29 06:30:38', '2025-12-30 03:57:20'),
(286, 33, 21, 'Ciledug', 12, 2025, 22000.00, 33000.00, 27680.00, 25, NULL, '2025-12-30 10:57:20', '2025-12-29 06:30:38', '2025-12-30 03:57:20'),
(287, 34, 21, 'Ciledug', 12, 2025, 30000.00, 48000.00, 41920.00, 25, NULL, '2025-12-30 10:57:20', '2025-12-29 06:30:38', '2025-12-30 03:57:20'),
(288, 35, 21, 'Ciledug', 12, 2025, 32000.00, 36000.00, 35360.00, 25, NULL, '2025-12-30 10:57:20', '2025-12-29 06:30:38', '2025-12-30 03:57:20'),
(289, 36, 21, 'Ciledug', 12, 2025, 35000.00, 35000.00, 35000.00, 23, NULL, '2025-12-30 10:57:20', '2025-12-29 06:30:38', '2025-12-30 03:57:20'),
(290, 37, 21, 'Ciledug', 12, 2025, 40000.00, 40000.00, 40000.00, 25, NULL, '2025-12-30 10:57:20', '2025-12-29 06:30:38', '2025-12-30 03:57:20'),
(291, 38, 21, 'Ciledug', 12, 2025, 110000.00, 110000.00, 110000.00, 25, NULL, '2025-12-30 10:57:20', '2025-12-29 06:30:38', '2025-12-30 03:57:20'),
(292, 39, 21, 'Ciledug', 12, 2025, 30000.00, 30000.00, 30000.00, 25, NULL, '2025-12-30 10:57:20', '2025-12-29 06:30:38', '2025-12-30 03:57:20'),
(293, 40, 21, 'Ciledug', 12, 2025, 32000.00, 32000.00, 32000.00, 25, NULL, '2025-12-30 10:57:20', '2025-12-29 06:30:38', '2025-12-30 03:57:20'),
(294, 41, 21, 'Ciledug', 12, 2025, 14000.00, 14000.00, 14000.00, 25, NULL, '2025-12-30 10:57:20', '2025-12-29 06:30:38', '2025-12-30 03:57:20'),
(295, 49, 21, 'Ciledug', 12, 2025, 13000.00, 13000.00, 13000.00, 25, NULL, '2025-12-30 10:57:20', '2025-12-29 06:30:38', '2025-12-30 03:57:20'),
(296, 64, 21, 'Ciledug', 12, 2025, 16000.00, 16000.00, 16000.00, 25, NULL, '2025-12-30 10:57:20', '2025-12-29 06:30:38', '2025-12-30 03:57:20'),
(297, 42, 21, 'Ciledug', 12, 2025, 14000.00, 14000.00, 14000.00, 25, NULL, '2025-12-30 10:57:20', '2025-12-29 06:30:38', '2025-12-30 03:57:20'),
(298, 43, 21, 'Ciledug', 12, 2025, 15000.00, 15000.00, 15000.00, 24, NULL, '2025-12-30 10:57:20', '2025-12-29 06:30:38', '2025-12-30 03:57:20'),
(597, 1, 3, 'Sumber', 1, 2026, 18000.00, 18000.00, 18000.00, 8, NULL, '2026-01-08 10:14:54', '2026-01-08 03:14:54', NULL),
(598, 2, 3, 'Sumber', 1, 2026, 19500.00, 19500.00, 19500.00, 7, NULL, '2026-01-08 10:14:54', '2026-01-08 03:14:54', NULL),
(599, 3, 3, 'Sumber', 1, 2026, 140000.00, 140000.00, 140000.00, 8, NULL, '2026-01-08 10:14:54', '2026-01-08 03:14:54', NULL),
(600, 4, 3, 'Sumber', 1, 2026, 35000.00, 37000.00, 36000.00, 8, NULL, '2026-01-08 10:14:54', '2026-01-08 03:14:54', NULL),
(601, 5, 3, 'Sumber', 1, 2026, 70000.00, 70000.00, 70000.00, 7, NULL, '2026-01-08 10:14:54', '2026-01-08 03:14:54', NULL),
(602, 6, 3, 'Sumber', 1, 2026, 30000.00, 30000.00, 30000.00, 8, NULL, '2026-01-08 10:14:54', '2026-01-08 03:14:54', NULL),
(603, 7, 3, 'Sumber', 1, 2026, 12500.00, 12500.00, 12500.00, 8, NULL, '2026-01-08 10:14:54', '2026-01-08 03:14:54', NULL),
(604, 8, 3, 'Sumber', 1, 2026, 2000.00, 2000.00, 2000.00, 8, NULL, '2026-01-08 10:14:54', '2026-01-08 03:14:54', NULL),
(605, 9, 3, 'Sumber', 1, 2026, 38000.00, 38000.00, 38000.00, 8, NULL, '2026-01-08 10:14:54', '2026-01-08 03:14:54', NULL),
(606, 10, 3, 'Sumber', 1, 2026, 12000.00, 12000.00, 12000.00, 8, NULL, '2026-01-08 10:14:54', '2026-01-08 03:14:54', NULL),
(607, 11, 3, 'Sumber', 1, 2026, 40000.00, 50000.00, 45000.00, 8, NULL, '2026-01-08 10:14:54', '2026-01-08 03:14:54', NULL),
(608, 12, 3, 'Sumber', 1, 2026, 22000.00, 26000.00, 24000.00, 7, NULL, '2026-01-08 10:14:54', '2026-01-08 03:14:54', NULL),
(609, 13, 3, 'Sumber', 1, 2026, 48000.00, 85000.00, 68500.00, 8, NULL, '2026-01-08 10:14:54', '2026-01-08 03:14:54', NULL),
(610, 14, 3, 'Sumber', 1, 2026, 65000.00, 70000.00, 68000.00, 5, NULL, '2026-01-08 10:14:54', '2026-01-08 03:14:54', NULL),
(611, 15, 3, 'Sumber', 1, 2026, 3000.00, 3000.00, 3000.00, 8, NULL, '2026-01-08 10:14:54', '2026-01-08 03:14:54', NULL),
(612, 16, 3, 'Sumber', 1, 2026, 18000.00, 18000.00, 18000.00, 7, NULL, '2026-01-08 10:14:54', '2026-01-08 03:14:54', NULL),
(613, 17, 3, 'Sumber', 1, 2026, 18000.00, 18000.00, 18000.00, 8, NULL, '2026-01-08 10:14:54', '2026-01-08 03:14:54', NULL),
(614, 18, 3, 'Sumber', 1, 2026, 20000.00, 20000.00, 20000.00, 8, NULL, '2026-01-08 10:14:54', '2026-01-08 03:14:54', NULL),
(615, 19, 3, 'Sumber', 1, 2026, 170000.00, 170000.00, 170000.00, 8, NULL, '2026-01-08 10:14:54', '2026-01-08 03:14:54', NULL),
(616, 20, 3, 'Sumber', 1, 2026, 9500.00, 9500.00, 9500.00, 8, NULL, '2026-01-08 10:14:54', '2026-01-08 03:14:54', NULL),
(617, 21, 3, 'Sumber', 1, 2026, 7000.00, 7000.00, 7000.00, 8, NULL, '2026-01-08 10:14:54', '2026-01-08 03:14:54', NULL),
(618, 22, 3, 'Sumber', 1, 2026, 12500.00, 12500.00, 12500.00, 8, NULL, '2026-01-08 10:14:54', '2026-01-08 03:14:54', NULL),
(619, 23, 3, 'Sumber', 1, 2026, 21000.00, 21000.00, 21000.00, 8, NULL, '2026-01-08 10:14:54', '2026-01-08 03:14:54', NULL),
(620, 24, 3, 'Sumber', 1, 2026, 32000.00, 32000.00, 32000.00, 8, NULL, '2026-01-08 10:14:54', '2026-01-08 03:14:54', NULL),
(621, 25, 3, 'Sumber', 1, 2026, 16000.00, 16000.00, 16000.00, 8, NULL, '2026-01-08 10:14:54', '2026-01-08 03:14:54', NULL),
(622, 26, 3, 'Sumber', 1, 2026, 20000.00, 20000.00, 20000.00, 8, NULL, '2026-01-08 10:14:54', '2026-01-08 03:14:54', NULL),
(623, 27, 3, 'Sumber', 1, 2026, 20000.00, 20000.00, 20000.00, 8, NULL, '2026-01-08 10:14:54', '2026-01-08 03:14:54', NULL),
(624, 28, 3, 'Sumber', 1, 2026, 15000.00, 15000.00, 15000.00, 8, NULL, '2026-01-08 10:14:54', '2026-01-08 03:14:54', NULL),
(625, 29, 3, 'Sumber', 1, 2026, 12000.00, 12000.00, 12000.00, 8, NULL, '2026-01-08 10:14:54', '2026-01-08 03:14:54', NULL),
(626, 30, 3, 'Sumber', 1, 2026, 16000.00, 16000.00, 16000.00, 8, NULL, '2026-01-08 10:14:54', '2026-01-08 03:14:54', NULL),
(627, 31, 3, 'Sumber', 1, 2026, 35000.00, 35000.00, 35000.00, 8, NULL, '2026-01-08 10:14:54', '2026-01-08 03:14:54', NULL),
(628, 32, 3, 'Sumber', 1, 2026, 30000.00, 30000.00, 30000.00, 8, NULL, '2026-01-08 10:14:54', '2026-01-08 03:14:54', NULL),
(629, 33, 3, 'Sumber', 1, 2026, 20000.00, 24000.00, 22000.00, 8, NULL, '2026-01-08 10:14:54', '2026-01-08 03:14:54', NULL),
(630, 34, 3, 'Sumber', 1, 2026, 28000.00, 30000.00, 29000.00, 8, NULL, '2026-01-08 10:14:54', '2026-01-08 03:14:54', NULL),
(631, 35, 3, 'Sumber', 1, 2026, 36000.00, 38000.00, 37429.00, 7, NULL, '2026-01-08 10:14:54', '2026-01-08 03:14:54', NULL),
(632, 36, 3, 'Sumber', 1, 2026, 45000.00, 45000.00, 45000.00, 7, NULL, '2026-01-08 10:14:54', '2026-01-08 03:14:54', NULL),
(633, 37, 3, 'Sumber', 1, 2026, 38000.00, 40000.00, 39429.00, 7, NULL, '2026-01-08 10:14:54', '2026-01-08 03:14:54', NULL),
(634, 38, 3, 'Sumber', 1, 2026, 110000.00, 110000.00, 110000.00, 8, NULL, '2026-01-08 10:14:54', '2026-01-08 03:14:54', NULL),
(635, 39, 3, 'Sumber', 1, 2026, 30000.00, 30000.00, 30000.00, 8, NULL, '2026-01-08 10:14:54', '2026-01-08 03:14:54', NULL),
(636, 40, 3, 'Sumber', 1, 2026, 32000.00, 32000.00, 32000.00, 8, NULL, '2026-01-08 10:14:54', '2026-01-08 03:14:54', NULL),
(637, 41, 3, 'Sumber', 1, 2026, 13000.00, 13000.00, 13000.00, 8, NULL, '2026-01-08 10:14:54', '2026-01-08 03:14:54', NULL),
(638, 42, 3, 'Sumber', 1, 2026, 13500.00, 13500.00, 13500.00, 8, NULL, '2026-01-08 10:14:54', '2026-01-08 03:14:54', NULL),
(639, 43, 3, 'Sumber', 1, 2026, 15500.00, 15500.00, 15500.00, 8, NULL, '2026-01-08 10:14:54', '2026-01-08 03:14:54', NULL),
(640, 1, 16, 'Pasalaran', 1, 2026, 17000.00, 17000.00, 17000.00, 4, NULL, '2026-01-08 10:14:56', '2026-01-08 03:14:56', NULL),
(641, 2, 16, 'Pasalaran', 1, 2026, 19000.00, 19000.00, 19000.00, 4, NULL, '2026-01-08 10:14:56', '2026-01-08 03:14:56', NULL),
(642, 3, 16, 'Pasalaran', 1, 2026, 140000.00, 140000.00, 140000.00, 4, NULL, '2026-01-08 10:14:56', '2026-01-08 03:14:56', NULL),
(643, 4, 16, 'Pasalaran', 1, 2026, 33000.00, 36000.00, 34750.00, 4, NULL, '2026-01-08 10:14:56', '2026-01-08 03:14:56', NULL),
(644, 5, 16, 'Pasalaran', 1, 2026, 65000.00, 65000.00, 65000.00, 4, NULL, '2026-01-08 10:14:56', '2026-01-08 03:14:56', NULL),
(645, 6, 16, 'Pasalaran', 1, 2026, 31000.00, 31000.00, 31000.00, 4, NULL, '2026-01-08 10:14:56', '2026-01-08 03:14:56', NULL),
(646, 44, 16, 'Pasalaran', 1, 2026, 3000.00, 3000.00, 3000.00, 3, NULL, '2026-01-08 10:14:56', '2026-01-08 03:14:56', NULL),
(647, 46, 16, 'Pasalaran', 1, 2026, 27000.00, 27000.00, 27000.00, 1, NULL, '2026-01-08 10:14:56', '2026-01-08 03:14:56', NULL),
(648, 47, 16, 'Pasalaran', 1, 2026, 28000.00, 28000.00, 28000.00, 2, NULL, '2026-01-08 10:14:56', '2026-01-08 03:14:56', NULL),
(649, 9, 16, 'Pasalaran', 1, 2026, 35000.00, 47000.00, 42000.00, 3, NULL, '2026-01-08 10:14:56', '2026-01-08 03:14:56', NULL),
(650, 10, 16, 'Pasalaran', 1, 2026, 11000.00, 11000.00, 11000.00, 4, NULL, '2026-01-08 10:14:56', '2026-01-08 03:14:56', NULL),
(651, 11, 16, 'Pasalaran', 1, 2026, 40000.00, 40000.00, 40000.00, 4, NULL, '2026-01-08 10:14:56', '2026-01-08 03:14:56', NULL),
(652, 12, 16, 'Pasalaran', 1, 2026, 25000.00, 35000.00, 30000.00, 4, NULL, '2026-01-08 10:14:56', '2026-01-08 03:14:56', NULL),
(653, 13, 16, 'Pasalaran', 1, 2026, 70000.00, 80000.00, 77500.00, 4, NULL, '2026-01-08 10:14:56', '2026-01-08 03:14:56', NULL),
(654, 14, 16, 'Pasalaran', 1, 2026, 70000.00, 80000.00, 76667.00, 3, NULL, '2026-01-08 10:14:56', '2026-01-08 03:14:56', NULL),
(655, 53, 16, 'Pasalaran', 1, 2026, 10000.00, 10000.00, 10000.00, 1, NULL, '2026-01-08 10:14:56', '2026-01-08 03:14:56', NULL);
INSERT INTO `harga_pasar` (`id`, `produk_id`, `pasar_id`, `nama_pasar`, `bulan`, `tahun`, `harga_terendah`, `harga_tertinggi`, `harga_rata_rata`, `jumlah_hari_terdata`, `data_harian_json`, `scraped_at`, `created_at`, `updated_at`) VALUES
(656, 18, 16, 'Pasalaran', 1, 2026, 21000.00, 21000.00, 21000.00, 4, NULL, '2026-01-08 10:14:56', '2026-01-08 03:14:56', NULL),
(657, 24, 16, 'Pasalaran', 1, 2026, 32000.00, 35000.00, 33000.00, 3, NULL, '2026-01-08 10:14:56', '2026-01-08 03:14:56', NULL),
(658, 48, 16, 'Pasalaran', 1, 2026, 60000.00, 60000.00, 60000.00, 2, NULL, '2026-01-08 10:14:56', '2026-01-08 03:14:56', NULL),
(659, 25, 16, 'Pasalaran', 1, 2026, 16000.00, 16000.00, 16000.00, 3, NULL, '2026-01-08 10:14:56', '2026-01-08 03:14:56', NULL),
(660, 26, 16, 'Pasalaran', 1, 2026, 20000.00, 20000.00, 20000.00, 1, NULL, '2026-01-08 10:14:56', '2026-01-08 03:14:56', NULL),
(661, 28, 16, 'Pasalaran', 1, 2026, 6000.00, 6000.00, 6000.00, 1, NULL, '2026-01-08 10:14:56', '2026-01-08 03:14:56', NULL),
(662, 29, 16, 'Pasalaran', 1, 2026, 8000.00, 8000.00, 8000.00, 3, NULL, '2026-01-08 10:14:56', '2026-01-08 03:14:56', NULL),
(663, 32, 16, 'Pasalaran', 1, 2026, 10000.00, 12000.00, 10667.00, 3, NULL, '2026-01-08 10:14:56', '2026-01-08 03:14:56', NULL),
(664, 34, 16, 'Pasalaran', 1, 2026, 35000.00, 35000.00, 35000.00, 4, NULL, '2026-01-08 10:14:56', '2026-01-08 03:14:56', NULL),
(665, 35, 16, 'Pasalaran', 1, 2026, 35000.00, 35000.00, 35000.00, 4, NULL, '2026-01-08 10:14:56', '2026-01-08 03:14:56', NULL),
(666, 36, 16, 'Pasalaran', 1, 2026, 35000.00, 35000.00, 35000.00, 3, NULL, '2026-01-08 10:14:56', '2026-01-08 03:14:56', NULL),
(667, 37, 16, 'Pasalaran', 1, 2026, 40000.00, 40000.00, 40000.00, 4, NULL, '2026-01-08 10:14:56', '2026-01-08 03:14:56', NULL),
(668, 39, 16, 'Pasalaran', 1, 2026, 30000.00, 32000.00, 31000.00, 2, NULL, '2026-01-08 10:14:56', '2026-01-08 03:14:56', NULL),
(669, 41, 16, 'Pasalaran', 1, 2026, 15000.00, 15000.00, 15000.00, 3, NULL, '2026-01-08 10:14:56', '2026-01-08 03:14:56', NULL),
(670, 49, 16, 'Pasalaran', 1, 2026, 13000.00, 13000.00, 13000.00, 3, NULL, '2026-01-08 10:14:56', '2026-01-08 03:14:56', NULL),
(671, 42, 16, 'Pasalaran', 1, 2026, 13000.00, 13000.00, 13000.00, 4, NULL, '2026-01-08 10:14:56', '2026-01-08 03:14:56', NULL),
(672, 43, 16, 'Pasalaran', 1, 2026, 14500.00, 14900.00, 14700.00, 4, NULL, '2026-01-08 10:14:56', '2026-01-08 03:14:56', NULL),
(673, 50, 16, 'Pasalaran', 1, 2026, 17000.00, 17000.00, 17000.00, 4, NULL, '2026-01-08 10:14:56', '2026-01-08 03:14:56', NULL),
(674, 1, 17, 'Jamblang', 1, 2026, 17500.00, 17500.00, 17500.00, 4, NULL, '2026-01-08 10:14:57', '2026-01-08 03:14:57', NULL),
(675, 2, 17, 'Jamblang', 1, 2026, 19000.00, 20000.00, 19800.00, 5, NULL, '2026-01-08 10:14:57', '2026-01-08 03:14:57', NULL),
(676, 3, 17, 'Jamblang', 1, 2026, 120000.00, 120000.00, 120000.00, 5, NULL, '2026-01-08 10:14:57', '2026-01-08 03:14:57', NULL),
(677, 4, 17, 'Jamblang', 1, 2026, 33000.00, 33000.00, 33000.00, 4, NULL, '2026-01-08 10:14:57', '2026-01-08 03:14:57', NULL),
(678, 6, 17, 'Jamblang', 1, 2026, 28000.00, 31000.00, 29000.00, 5, NULL, '2026-01-08 10:14:57', '2026-01-08 03:14:57', NULL),
(679, 8, 17, 'Jamblang', 1, 2026, 2500.00, 2500.00, 2500.00, 5, NULL, '2026-01-08 10:14:57', '2026-01-08 03:14:57', NULL),
(680, 11, 17, 'Jamblang', 1, 2026, 50000.00, 50000.00, 50000.00, 5, NULL, '2026-01-08 10:14:57', '2026-01-08 03:14:57', NULL),
(681, 12, 17, 'Jamblang', 1, 2026, 28000.00, 30000.00, 28400.00, 5, NULL, '2026-01-08 10:14:57', '2026-01-08 03:14:57', NULL),
(682, 13, 17, 'Jamblang', 1, 2026, 70000.00, 80000.00, 74000.00, 5, NULL, '2026-01-08 10:14:57', '2026-01-08 03:14:57', NULL),
(683, 14, 17, 'Jamblang', 1, 2026, 60000.00, 90000.00, 72000.00, 5, NULL, '2026-01-08 10:14:57', '2026-01-08 03:14:57', NULL),
(684, 53, 17, 'Jamblang', 1, 2026, 10000.00, 10000.00, 10000.00, 3, NULL, '2026-01-08 10:14:57', '2026-01-08 03:14:57', NULL),
(685, 18, 17, 'Jamblang', 1, 2026, 21000.00, 21000.00, 21000.00, 5, NULL, '2026-01-08 10:14:57', '2026-01-08 03:14:57', NULL),
(686, 23, 17, 'Jamblang', 1, 2026, 20000.00, 20000.00, 20000.00, 5, NULL, '2026-01-08 10:14:57', '2026-01-08 03:14:57', NULL),
(687, 34, 17, 'Jamblang', 1, 2026, 30000.00, 30000.00, 30000.00, 4, NULL, '2026-01-08 10:14:57', '2026-01-08 03:14:57', NULL),
(688, 35, 17, 'Jamblang', 1, 2026, 32000.00, 34000.00, 33500.00, 4, NULL, '2026-01-08 10:14:57', '2026-01-08 03:14:57', NULL),
(689, 36, 17, 'Jamblang', 1, 2026, 35000.00, 36000.00, 35750.00, 4, NULL, '2026-01-08 10:14:57', '2026-01-08 03:14:57', NULL),
(690, 37, 17, 'Jamblang', 1, 2026, 40000.00, 40000.00, 40000.00, 3, NULL, '2026-01-08 10:14:57', '2026-01-08 03:14:57', NULL),
(691, 42, 17, 'Jamblang', 1, 2026, 13500.00, 13500.00, 13500.00, 5, NULL, '2026-01-08 10:14:57', '2026-01-08 03:14:57', NULL),
(692, 43, 17, 'Jamblang', 1, 2026, 15500.00, 15500.00, 15500.00, 5, NULL, '2026-01-08 10:14:57', '2026-01-08 03:14:57', NULL),
(693, 51, 18, 'Palimanan', 1, 2026, 6500.00, 7000.00, 6929.00, 7, NULL, '2026-01-08 10:15:00', '2026-01-08 03:15:00', NULL),
(694, 1, 18, 'Palimanan', 1, 2026, 17500.00, 18000.00, 17563.00, 8, NULL, '2026-01-08 10:15:00', '2026-01-08 03:15:00', NULL),
(695, 2, 18, 'Palimanan', 1, 2026, 18000.00, 18000.00, 18000.00, 8, NULL, '2026-01-08 10:15:00', '2026-01-08 03:15:00', NULL),
(696, 57, 18, 'Palimanan', 1, 2026, 19500.00, 20000.00, 19900.00, 5, NULL, '2026-01-08 10:15:00', '2026-01-08 03:15:00', NULL),
(697, 3, 18, 'Palimanan', 1, 2026, 130000.00, 135000.00, 131875.00, 8, NULL, '2026-01-08 10:15:00', '2026-01-08 03:15:00', NULL),
(698, 4, 18, 'Palimanan', 1, 2026, 36000.00, 38000.00, 36857.00, 7, NULL, '2026-01-08 10:15:00', '2026-01-08 03:15:00', NULL),
(699, 5, 18, 'Palimanan', 1, 2026, 65000.00, 70000.00, 68750.00, 4, NULL, '2026-01-08 10:15:00', '2026-01-08 03:15:00', NULL),
(700, 6, 18, 'Palimanan', 1, 2026, 30000.00, 30000.00, 30000.00, 8, NULL, '2026-01-08 10:15:00', '2026-01-08 03:15:00', NULL),
(701, 44, 18, 'Palimanan', 1, 2026, 3300.00, 3600.00, 3486.00, 7, NULL, '2026-01-08 10:15:00', '2026-01-08 03:15:00', NULL),
(702, 7, 18, 'Palimanan', 1, 2026, 12500.00, 12500.00, 12500.00, 8, NULL, '2026-01-08 10:15:00', '2026-01-08 03:15:00', NULL),
(703, 58, 18, 'Palimanan', 1, 2026, 11500.00, 11500.00, 11500.00, 7, NULL, '2026-01-08 10:15:00', '2026-01-08 03:15:00', NULL),
(704, 46, 18, 'Palimanan', 1, 2026, 26000.00, 26000.00, 26000.00, 8, NULL, '2026-01-08 10:15:00', '2026-01-08 03:15:00', NULL),
(705, 47, 18, 'Palimanan', 1, 2026, 38000.00, 38000.00, 38000.00, 1, NULL, '2026-01-08 10:15:00', '2026-01-08 03:15:00', NULL),
(706, 59, 18, 'Palimanan', 1, 2026, 80000.00, 80000.00, 80000.00, 3, NULL, '2026-01-08 10:15:00', '2026-01-08 03:15:00', NULL),
(707, 9, 18, 'Palimanan', 1, 2026, 32000.00, 36000.00, 32857.00, 7, NULL, '2026-01-08 10:15:00', '2026-01-08 03:15:00', NULL),
(708, 10, 18, 'Palimanan', 1, 2026, 12000.00, 12000.00, 12000.00, 8, NULL, '2026-01-08 10:15:00', '2026-01-08 03:15:00', NULL),
(709, 11, 18, 'Palimanan', 1, 2026, 40000.00, 55000.00, 49375.00, 8, NULL, '2026-01-08 10:15:00', '2026-01-08 03:15:00', NULL),
(710, 12, 18, 'Palimanan', 1, 2026, 30000.00, 30000.00, 30000.00, 7, NULL, '2026-01-08 10:15:00', '2026-01-08 03:15:00', NULL),
(711, 13, 18, 'Palimanan', 1, 2026, 60000.00, 70000.00, 67500.00, 8, NULL, '2026-01-08 10:15:00', '2026-01-08 03:15:00', NULL),
(712, 14, 18, 'Palimanan', 1, 2026, 50000.00, 65000.00, 58000.00, 5, NULL, '2026-01-08 10:15:00', '2026-01-08 03:15:00', NULL),
(713, 52, 18, 'Palimanan', 1, 2026, 6000.00, 6000.00, 6000.00, 3, NULL, '2026-01-08 10:15:00', '2026-01-08 03:15:00', NULL),
(714, 15, 18, 'Palimanan', 1, 2026, 3000.00, 3000.00, 3000.00, 3, NULL, '2026-01-08 10:15:00', '2026-01-08 03:15:00', NULL),
(715, 16, 18, 'Palimanan', 1, 2026, 18000.00, 19000.00, 18313.00, 8, NULL, '2026-01-08 10:15:00', '2026-01-08 03:15:00', NULL),
(716, 17, 18, 'Palimanan', 1, 2026, 18000.00, 18000.00, 18000.00, 8, NULL, '2026-01-08 10:15:00', '2026-01-08 03:15:00', NULL),
(717, 18, 18, 'Palimanan', 1, 2026, 21000.00, 21000.00, 21000.00, 8, NULL, '2026-01-08 10:15:00', '2026-01-08 03:15:00', NULL),
(718, 54, 18, 'Palimanan', 1, 2026, 3000.00, 3000.00, 3000.00, 3, NULL, '2026-01-08 10:15:00', '2026-01-08 03:15:00', NULL),
(719, 55, 18, 'Palimanan', 1, 2026, 4000.00, 4000.00, 4000.00, 3, NULL, '2026-01-08 10:15:00', '2026-01-08 03:15:00', NULL),
(720, 20, 18, 'Palimanan', 1, 2026, 9500.00, 9500.00, 9500.00, 4, NULL, '2026-01-08 10:15:00', '2026-01-08 03:15:00', NULL),
(721, 21, 18, 'Palimanan', 1, 2026, 7000.00, 7000.00, 7000.00, 4, NULL, '2026-01-08 10:15:00', '2026-01-08 03:15:00', NULL),
(722, 22, 18, 'Palimanan', 1, 2026, 12500.00, 12500.00, 12500.00, 1, NULL, '2026-01-08 10:15:00', '2026-01-08 03:15:00', NULL),
(723, 60, 18, 'Palimanan', 1, 2026, 11500.00, 11500.00, 11500.00, 1, NULL, '2026-01-08 10:15:00', '2026-01-08 03:15:00', NULL),
(724, 23, 18, 'Palimanan', 1, 2026, 20000.00, 20000.00, 20000.00, 6, NULL, '2026-01-08 10:15:00', '2026-01-08 03:15:00', NULL),
(725, 24, 18, 'Palimanan', 1, 2026, 32000.00, 35000.00, 34500.00, 6, NULL, '2026-01-08 10:15:00', '2026-01-08 03:15:00', NULL),
(726, 48, 18, 'Palimanan', 1, 2026, 65000.00, 65000.00, 65000.00, 3, NULL, '2026-01-08 10:15:00', '2026-01-08 03:15:00', NULL),
(727, 25, 18, 'Palimanan', 1, 2026, 14000.00, 14000.00, 14000.00, 6, NULL, '2026-01-08 10:15:00', '2026-01-08 03:15:00', NULL),
(728, 26, 18, 'Palimanan', 1, 2026, 16000.00, 24000.00, 21000.00, 8, NULL, '2026-01-08 10:15:00', '2026-01-08 03:15:00', NULL),
(729, 27, 18, 'Palimanan', 1, 2026, 12500.00, 20000.00, 16071.00, 7, NULL, '2026-01-08 10:15:00', '2026-01-08 03:15:00', NULL),
(730, 28, 18, 'Palimanan', 1, 2026, 8000.00, 12000.00, 9143.00, 7, NULL, '2026-01-08 10:15:00', '2026-01-08 03:15:00', NULL),
(731, 29, 18, 'Palimanan', 1, 2026, 6000.00, 12500.00, 8563.00, 8, NULL, '2026-01-08 10:15:00', '2026-01-08 03:15:00', NULL),
(732, 30, 18, 'Palimanan', 1, 2026, 12000.00, 20000.00, 15333.00, 6, NULL, '2026-01-08 10:15:00', '2026-01-08 03:15:00', NULL),
(733, 31, 18, 'Palimanan', 1, 2026, 24000.00, 24000.00, 24000.00, 3, NULL, '2026-01-08 10:15:00', '2026-01-08 03:15:00', NULL),
(734, 32, 18, 'Palimanan', 1, 2026, 10000.00, 16000.00, 10750.00, 8, NULL, '2026-01-08 10:15:00', '2026-01-08 03:15:00', NULL),
(735, 33, 18, 'Palimanan', 1, 2026, 20000.00, 24000.00, 21000.00, 4, NULL, '2026-01-08 10:15:00', '2026-01-08 03:15:00', NULL),
(736, 34, 18, 'Palimanan', 1, 2026, 32000.00, 40000.00, 36000.00, 8, NULL, '2026-01-08 10:15:00', '2026-01-08 03:15:00', NULL),
(737, 35, 18, 'Palimanan', 1, 2026, 32.00, 32000.00, 27433.00, 7, NULL, '2026-01-08 10:15:00', '2026-01-08 03:15:00', NULL),
(738, 36, 18, 'Palimanan', 1, 2026, 35000.00, 40000.00, 36667.00, 3, NULL, '2026-01-08 10:15:00', '2026-01-08 03:15:00', NULL),
(739, 37, 18, 'Palimanan', 1, 2026, 40000.00, 40000.00, 40000.00, 6, NULL, '2026-01-08 10:15:00', '2026-01-08 03:15:00', NULL),
(740, 38, 18, 'Palimanan', 1, 2026, 110000.00, 110000.00, 110000.00, 8, NULL, '2026-01-08 10:15:00', '2026-01-08 03:15:00', NULL),
(741, 39, 18, 'Palimanan', 1, 2026, 30000.00, 30000.00, 30000.00, 6, NULL, '2026-01-08 10:15:00', '2026-01-08 03:15:00', NULL),
(742, 41, 18, 'Palimanan', 1, 2026, 13500.00, 13500.00, 13500.00, 8, NULL, '2026-01-08 10:15:00', '2026-01-08 03:15:00', NULL),
(743, 49, 18, 'Palimanan', 1, 2026, 13000.00, 13000.00, 13000.00, 3, NULL, '2026-01-08 10:15:00', '2026-01-08 03:15:00', NULL),
(744, 42, 18, 'Palimanan', 1, 2026, 14000.00, 14000.00, 14000.00, 7, NULL, '2026-01-08 10:15:00', '2026-01-08 03:15:00', NULL),
(745, 62, 18, 'Palimanan', 1, 2026, 13000.00, 13000.00, 13000.00, 7, NULL, '2026-01-08 10:15:00', '2026-01-08 03:15:00', NULL),
(746, 43, 18, 'Palimanan', 1, 2026, 15500.00, 15500.00, 15500.00, 7, NULL, '2026-01-08 10:15:00', '2026-01-08 03:15:00', NULL),
(747, 1, 19, 'Cipeujeuh', 1, 2026, 18000.00, 18000.00, 18000.00, 8, NULL, '2026-01-08 10:15:03', '2026-01-08 03:15:03', NULL),
(748, 2, 19, 'Cipeujeuh', 1, 2026, 20000.00, 20000.00, 20000.00, 8, NULL, '2026-01-08 10:15:03', '2026-01-08 03:15:03', NULL),
(749, 3, 19, 'Cipeujeuh', 1, 2026, 140000.00, 140000.00, 140000.00, 8, NULL, '2026-01-08 10:15:03', '2026-01-08 03:15:03', NULL),
(750, 4, 19, 'Cipeujeuh', 1, 2026, 38000.00, 38000.00, 38000.00, 8, NULL, '2026-01-08 10:15:03', '2026-01-08 03:15:03', NULL),
(751, 6, 19, 'Cipeujeuh', 1, 2026, 30000.00, 30000.00, 30000.00, 7, NULL, '2026-01-08 10:15:03', '2026-01-08 03:15:03', NULL),
(752, 10, 19, 'Cipeujeuh', 1, 2026, 12000.00, 12000.00, 12000.00, 8, NULL, '2026-01-08 10:15:03', '2026-01-08 03:15:03', NULL),
(753, 11, 19, 'Cipeujeuh', 1, 2026, 38000.00, 38000.00, 38000.00, 8, NULL, '2026-01-08 10:15:03', '2026-01-08 03:15:03', NULL),
(754, 12, 19, 'Cipeujeuh', 1, 2026, 24000.00, 24000.00, 24000.00, 7, NULL, '2026-01-08 10:15:03', '2026-01-08 03:15:03', NULL),
(755, 13, 19, 'Cipeujeuh', 1, 2026, 48000.00, 72000.00, 62000.00, 8, NULL, '2026-01-08 10:15:03', '2026-01-08 03:15:03', NULL),
(756, 14, 19, 'Cipeujeuh', 1, 2026, 60000.00, 80000.00, 76500.00, 6, NULL, '2026-01-08 10:15:03', '2026-01-08 03:15:03', NULL),
(757, 18, 19, 'Cipeujeuh', 1, 2026, 22000.00, 22000.00, 22000.00, 8, NULL, '2026-01-08 10:15:03', '2026-01-08 03:15:03', NULL),
(758, 25, 19, 'Cipeujeuh', 1, 2026, 15000.00, 15000.00, 15000.00, 8, NULL, '2026-01-08 10:15:03', '2026-01-08 03:15:03', NULL),
(759, 34, 19, 'Cipeujeuh', 1, 2026, 28000.00, 32000.00, 31500.00, 8, NULL, '2026-01-08 10:15:03', '2026-01-08 03:15:03', NULL),
(760, 35, 19, 'Cipeujeuh', 1, 2026, 34000.00, 34000.00, 34000.00, 8, NULL, '2026-01-08 10:15:03', '2026-01-08 03:15:03', NULL),
(761, 37, 19, 'Cipeujeuh', 1, 2026, 40000.00, 40000.00, 40000.00, 7, NULL, '2026-01-08 10:15:03', '2026-01-08 03:15:03', NULL),
(762, 42, 19, 'Cipeujeuh', 1, 2026, 13500.00, 13500.00, 13500.00, 8, NULL, '2026-01-08 10:15:03', '2026-01-08 03:15:03', NULL),
(763, 43, 19, 'Cipeujeuh', 1, 2026, 15500.00, 15500.00, 15500.00, 8, NULL, '2026-01-08 10:15:03', '2026-01-08 03:15:03', NULL),
(764, 51, 20, 'Babakan', 1, 2026, 7000.00, 7000.00, 7000.00, 7, NULL, '2026-01-08 10:15:11', '2026-01-08 03:15:11', NULL),
(765, 1, 20, 'Babakan', 1, 2026, 17000.00, 18000.00, 17571.00, 7, NULL, '2026-01-08 10:15:11', '2026-01-08 03:15:11', NULL),
(766, 2, 20, 'Babakan', 1, 2026, 19500.00, 19500.00, 19500.00, 7, NULL, '2026-01-08 10:15:11', '2026-01-08 03:15:11', NULL),
(767, 3, 20, 'Babakan', 1, 2026, 140000.00, 140000.00, 140000.00, 7, NULL, '2026-01-08 10:15:11', '2026-01-08 03:15:11', NULL),
(768, 4, 20, 'Babakan', 1, 2026, 37000.00, 37000.00, 37000.00, 7, NULL, '2026-01-08 10:15:11', '2026-01-08 03:15:11', NULL),
(769, 6, 20, 'Babakan', 1, 2026, 31000.00, 31000.00, 31000.00, 6, NULL, '2026-01-08 10:15:11', '2026-01-08 03:15:11', NULL),
(770, 44, 20, 'Babakan', 1, 2026, 3500.00, 3500.00, 3500.00, 7, NULL, '2026-01-08 10:15:11', '2026-01-08 03:15:11', NULL),
(771, 7, 20, 'Babakan', 1, 2026, 12500.00, 12500.00, 12500.00, 7, NULL, '2026-01-08 10:15:11', '2026-01-08 03:15:11', NULL),
(772, 8, 20, 'Babakan', 1, 2026, 2500.00, 2500.00, 2500.00, 7, NULL, '2026-01-08 10:15:11', '2026-01-08 03:15:11', NULL),
(773, 46, 20, 'Babakan', 1, 2026, 26000.00, 26000.00, 26000.00, 7, NULL, '2026-01-08 10:15:11', '2026-01-08 03:15:11', NULL),
(774, 47, 20, 'Babakan', 1, 2026, 42000.00, 42000.00, 42000.00, 7, NULL, '2026-01-08 10:15:11', '2026-01-08 03:15:11', NULL),
(775, 59, 20, 'Babakan', 1, 2026, 80000.00, 80000.00, 80000.00, 7, NULL, '2026-01-08 10:15:11', '2026-01-08 03:15:11', NULL),
(776, 9, 20, 'Babakan', 1, 2026, 40000.00, 40000.00, 40000.00, 7, NULL, '2026-01-08 10:15:11', '2026-01-08 03:15:11', NULL),
(777, 10, 20, 'Babakan', 1, 2026, 12000.00, 12000.00, 12000.00, 7, NULL, '2026-01-08 10:15:11', '2026-01-08 03:15:11', NULL),
(778, 11, 20, 'Babakan', 1, 2026, 40000.00, 50000.00, 45000.00, 6, NULL, '2026-01-08 10:15:11', '2026-01-08 03:15:11', NULL),
(779, 12, 20, 'Babakan', 1, 2026, 30000.00, 35000.00, 32500.00, 6, NULL, '2026-01-08 10:15:11', '2026-01-08 03:15:11', NULL),
(780, 13, 20, 'Babakan', 1, 2026, 60000.00, 70000.00, 63333.00, 6, NULL, '2026-01-08 10:15:11', '2026-01-08 03:15:11', NULL),
(781, 14, 20, 'Babakan', 1, 2026, 60000.00, 65000.00, 63750.00, 4, NULL, '2026-01-08 10:15:11', '2026-01-08 03:15:11', NULL),
(782, 15, 20, 'Babakan', 1, 2026, 3000.00, 3000.00, 3000.00, 7, NULL, '2026-01-08 10:15:11', '2026-01-08 03:15:11', NULL),
(783, 18, 20, 'Babakan', 1, 2026, 22000.00, 22000.00, 22000.00, 7, NULL, '2026-01-08 10:15:11', '2026-01-08 03:15:11', NULL),
(784, 54, 20, 'Babakan', 1, 2026, 3500.00, 3500.00, 3500.00, 7, NULL, '2026-01-08 10:15:11', '2026-01-08 03:15:11', NULL),
(785, 55, 20, 'Babakan', 1, 2026, 4000.00, 4000.00, 4000.00, 7, NULL, '2026-01-08 10:15:11', '2026-01-08 03:15:11', NULL),
(786, 61, 20, 'Babakan', 1, 2026, 40000.00, 40000.00, 40000.00, 7, NULL, '2026-01-08 10:15:11', '2026-01-08 03:15:11', NULL),
(787, 24, 20, 'Babakan', 1, 2026, 35000.00, 38000.00, 36286.00, 7, NULL, '2026-01-08 10:15:11', '2026-01-08 03:15:11', NULL),
(788, 48, 20, 'Babakan', 1, 2026, 70000.00, 100000.00, 77143.00, 7, NULL, '2026-01-08 10:15:11', '2026-01-08 03:15:11', NULL),
(789, 63, 20, 'Babakan', 1, 2026, 80000.00, 80000.00, 80000.00, 7, NULL, '2026-01-08 10:15:11', '2026-01-08 03:15:11', NULL),
(790, 25, 20, 'Babakan', 1, 2026, 15000.00, 15000.00, 15000.00, 7, NULL, '2026-01-08 10:15:11', '2026-01-08 03:15:11', NULL),
(791, 26, 20, 'Babakan', 1, 2026, 15000.00, 16000.00, 15429.00, 7, NULL, '2026-01-08 10:15:11', '2026-01-08 03:15:11', NULL),
(792, 27, 20, 'Babakan', 1, 2026, 10000.00, 11000.00, 10286.00, 7, NULL, '2026-01-08 10:15:11', '2026-01-08 03:15:11', NULL),
(793, 28, 20, 'Babakan', 1, 2026, 5000.00, 5000.00, 5000.00, 7, NULL, '2026-01-08 10:15:11', '2026-01-08 03:15:11', NULL),
(794, 29, 20, 'Babakan', 1, 2026, 7000.00, 7000.00, 7000.00, 7, NULL, '2026-01-08 10:15:11', '2026-01-08 03:15:11', NULL),
(795, 30, 20, 'Babakan', 1, 2026, 8000.00, 10000.00, 8857.00, 7, NULL, '2026-01-08 10:15:11', '2026-01-08 03:15:11', NULL),
(796, 32, 20, 'Babakan', 1, 2026, 10000.00, 12000.00, 11143.00, 7, NULL, '2026-01-08 10:15:11', '2026-01-08 03:15:11', NULL),
(797, 33, 20, 'Babakan', 1, 2026, 18000.00, 20000.00, 18857.00, 7, NULL, '2026-01-08 10:15:11', '2026-01-08 03:15:11', NULL),
(798, 34, 20, 'Babakan', 1, 2026, 30000.00, 30000.00, 30000.00, 7, NULL, '2026-01-08 10:15:11', '2026-01-08 03:15:11', NULL),
(799, 35, 20, 'Babakan', 1, 2026, 32000.00, 32000.00, 32000.00, 6, NULL, '2026-01-08 10:15:11', '2026-01-08 03:15:11', NULL),
(800, 36, 20, 'Babakan', 1, 2026, 35000.00, 35000.00, 35000.00, 6, NULL, '2026-01-08 10:15:11', '2026-01-08 03:15:11', NULL),
(801, 41, 20, 'Babakan', 1, 2026, 14000.00, 14000.00, 14000.00, 7, NULL, '2026-01-08 10:15:11', '2026-01-08 03:15:11', NULL),
(802, 42, 20, 'Babakan', 1, 2026, 14000.00, 14000.00, 14000.00, 7, NULL, '2026-01-08 10:15:11', '2026-01-08 03:15:11', NULL),
(803, 43, 20, 'Babakan', 1, 2026, 15000.00, 15000.00, 15000.00, 7, NULL, '2026-01-08 10:15:11', '2026-01-08 03:15:11', NULL),
(804, 51, 21, 'Ciledug', 1, 2026, 7000.00, 7000.00, 7000.00, 8, NULL, '2026-01-08 10:15:24', '2026-01-08 03:15:24', NULL),
(805, 1, 21, 'Ciledug', 1, 2026, 18000.00, 18000.00, 18000.00, 8, NULL, '2026-01-08 10:15:24', '2026-01-08 03:15:24', NULL),
(806, 2, 21, 'Ciledug', 1, 2026, 19500.00, 19500.00, 19500.00, 8, NULL, '2026-01-08 10:15:24', '2026-01-08 03:15:24', NULL),
(807, 3, 21, 'Ciledug', 1, 2026, 140000.00, 140000.00, 140000.00, 8, NULL, '2026-01-08 10:15:24', '2026-01-08 03:15:24', NULL),
(808, 4, 21, 'Ciledug', 1, 2026, 36000.00, 38000.00, 37000.00, 8, NULL, '2026-01-08 10:15:24', '2026-01-08 03:15:24', NULL),
(809, 6, 21, 'Ciledug', 1, 2026, 30000.00, 30000.00, 30000.00, 8, NULL, '2026-01-08 10:15:24', '2026-01-08 03:15:24', NULL),
(810, 44, 21, 'Ciledug', 1, 2026, 3500.00, 3500.00, 3500.00, 8, NULL, '2026-01-08 10:15:24', '2026-01-08 03:15:24', NULL),
(811, 7, 21, 'Ciledug', 1, 2026, 12500.00, 12500.00, 12500.00, 8, NULL, '2026-01-08 10:15:24', '2026-01-08 03:15:24', NULL),
(812, 58, 21, 'Ciledug', 1, 2026, 11000.00, 11000.00, 11000.00, 8, NULL, '2026-01-08 10:15:24', '2026-01-08 03:15:24', NULL),
(813, 8, 21, 'Ciledug', 1, 2026, 2500.00, 2500.00, 2500.00, 8, NULL, '2026-01-08 10:15:24', '2026-01-08 03:15:24', NULL),
(814, 46, 21, 'Ciledug', 1, 2026, 26000.00, 26000.00, 26000.00, 8, NULL, '2026-01-08 10:15:24', '2026-01-08 03:15:24', NULL),
(815, 47, 21, 'Ciledug', 1, 2026, 42000.00, 42000.00, 42000.00, 8, NULL, '2026-01-08 10:15:24', '2026-01-08 03:15:24', NULL),
(816, 59, 21, 'Ciledug', 1, 2026, 80000.00, 80000.00, 80000.00, 8, NULL, '2026-01-08 10:15:24', '2026-01-08 03:15:24', NULL),
(817, 9, 21, 'Ciledug', 1, 2026, 38000.00, 38000.00, 38000.00, 8, NULL, '2026-01-08 10:15:24', '2026-01-08 03:15:24', NULL),
(818, 10, 21, 'Ciledug', 1, 2026, 12000.00, 12000.00, 12000.00, 8, NULL, '2026-01-08 10:15:24', '2026-01-08 03:15:24', NULL),
(819, 11, 21, 'Ciledug', 1, 2026, 40000.00, 50000.00, 45000.00, 8, NULL, '2026-01-08 10:15:24', '2026-01-08 03:15:24', NULL),
(820, 12, 21, 'Ciledug', 1, 2026, 22000.00, 30000.00, 24857.00, 7, NULL, '2026-01-08 10:15:24', '2026-01-08 03:15:24', NULL),
(821, 13, 21, 'Ciledug', 1, 2026, 70000.00, 85000.00, 76429.00, 7, NULL, '2026-01-08 10:15:24', '2026-01-08 03:15:24', NULL),
(822, 14, 21, 'Ciledug', 1, 2026, 65000.00, 70000.00, 66667.00, 6, NULL, '2026-01-08 10:15:24', '2026-01-08 03:15:24', NULL),
(823, 52, 21, 'Ciledug', 1, 2026, 6000.00, 6000.00, 6000.00, 7, NULL, '2026-01-08 10:15:24', '2026-01-08 03:15:24', NULL),
(824, 15, 21, 'Ciledug', 1, 2026, 3000.00, 3000.00, 3000.00, 7, NULL, '2026-01-08 10:15:24', '2026-01-08 03:15:24', NULL),
(825, 53, 21, 'Ciledug', 1, 2026, 10000.00, 10000.00, 10000.00, 7, NULL, '2026-01-08 10:15:24', '2026-01-08 03:15:24', NULL),
(826, 16, 21, 'Ciledug', 1, 2026, 18000.00, 18000.00, 18000.00, 7, NULL, '2026-01-08 10:15:24', '2026-01-08 03:15:24', NULL),
(827, 17, 21, 'Ciledug', 1, 2026, 19000.00, 19000.00, 19000.00, 7, NULL, '2026-01-08 10:15:24', '2026-01-08 03:15:24', NULL),
(828, 18, 21, 'Ciledug', 1, 2026, 21000.00, 21000.00, 21000.00, 7, NULL, '2026-01-08 10:15:24', '2026-01-08 03:15:24', NULL),
(829, 19, 21, 'Ciledug', 1, 2026, 170000.00, 170000.00, 170000.00, 7, NULL, '2026-01-08 10:15:24', '2026-01-08 03:15:24', NULL),
(830, 54, 21, 'Ciledug', 1, 2026, 3500.00, 3500.00, 3500.00, 7, NULL, '2026-01-08 10:15:24', '2026-01-08 03:15:24', NULL),
(831, 55, 21, 'Ciledug', 1, 2026, 4000.00, 4000.00, 4000.00, 7, NULL, '2026-01-08 10:15:24', '2026-01-08 03:15:24', NULL),
(832, 20, 21, 'Ciledug', 1, 2026, 9500.00, 9500.00, 9500.00, 7, NULL, '2026-01-08 10:15:24', '2026-01-08 03:15:24', NULL),
(833, 21, 21, 'Ciledug', 1, 2026, 7000.00, 7000.00, 7000.00, 7, NULL, '2026-01-08 10:15:24', '2026-01-08 03:15:24', NULL),
(834, 22, 21, 'Ciledug', 1, 2026, 12500.00, 12500.00, 12500.00, 7, NULL, '2026-01-08 10:15:24', '2026-01-08 03:15:24', NULL),
(835, 60, 21, 'Ciledug', 1, 2026, 11000.00, 11000.00, 11000.00, 7, NULL, '2026-01-08 10:15:24', '2026-01-08 03:15:24', NULL),
(836, 61, 21, 'Ciledug', 1, 2026, 40000.00, 40008.00, 40001.00, 7, NULL, '2026-01-08 10:15:24', '2026-01-08 03:15:24', NULL),
(837, 24, 21, 'Ciledug', 1, 2026, 32000.00, 32000.00, 32000.00, 7, NULL, '2026-01-08 10:15:24', '2026-01-08 03:15:24', NULL),
(838, 48, 21, 'Ciledug', 1, 2026, 70000.00, 80000.00, 71429.00, 7, NULL, '2026-01-08 10:15:24', '2026-01-08 03:15:24', NULL),
(839, 63, 21, 'Ciledug', 1, 2026, 80000.00, 80000.00, 80000.00, 7, NULL, '2026-01-08 10:15:24', '2026-01-08 03:15:24', NULL),
(840, 25, 21, 'Ciledug', 1, 2026, 16000.00, 16000.00, 16000.00, 7, NULL, '2026-01-08 10:15:24', '2026-01-08 03:15:24', NULL),
(841, 26, 21, 'Ciledug', 1, 2026, 16000.00, 20000.00, 18286.00, 7, NULL, '2026-01-08 10:15:24', '2026-01-08 03:15:24', NULL),
(842, 27, 21, 'Ciledug', 1, 2026, 12000.00, 20000.00, 15429.00, 7, NULL, '2026-01-08 10:15:24', '2026-01-08 03:15:24', NULL),
(843, 28, 21, 'Ciledug', 1, 2026, 7000.00, 8000.00, 7143.00, 7, NULL, '2026-01-08 10:15:24', '2026-01-08 03:15:24', NULL),
(844, 29, 21, 'Ciledug', 1, 2026, 12000.00, 12000.00, 12000.00, 7, NULL, '2026-01-08 10:15:24', '2026-01-08 03:15:24', NULL),
(845, 30, 21, 'Ciledug', 1, 2026, 16000.00, 16000.00, 16000.00, 7, NULL, '2026-01-08 10:15:24', '2026-01-08 03:15:24', NULL),
(846, 31, 21, 'Ciledug', 1, 2026, 20000.00, 24000.00, 22857.00, 7, NULL, '2026-01-08 10:15:24', '2026-01-08 03:15:24', NULL),
(847, 32, 21, 'Ciledug', 1, 2026, 10000.00, 12000.00, 11143.00, 7, NULL, '2026-01-08 10:15:24', '2026-01-08 03:15:24', NULL),
(848, 33, 21, 'Ciledug', 1, 2026, 20000.00, 24000.00, 21714.00, 7, NULL, '2026-01-08 10:15:24', '2026-01-08 03:15:24', NULL),
(849, 34, 21, 'Ciledug', 1, 2026, 28000.00, 30000.00, 29143.00, 7, NULL, '2026-01-08 10:15:24', '2026-01-08 03:15:24', NULL),
(850, 35, 21, 'Ciledug', 1, 2026, 32000.00, 36000.00, 33857.00, 7, NULL, '2026-01-08 10:15:24', '2026-01-08 03:15:24', NULL),
(851, 36, 21, 'Ciledug', 1, 2026, 35000.00, 40000.00, 36429.00, 7, NULL, '2026-01-08 10:15:24', '2026-01-08 03:15:24', NULL),
(852, 37, 21, 'Ciledug', 1, 2026, 40000.00, 40000.00, 40000.00, 7, NULL, '2026-01-08 10:15:24', '2026-01-08 03:15:24', NULL),
(853, 38, 21, 'Ciledug', 1, 2026, 110000.00, 140000.00, 114286.00, 7, NULL, '2026-01-08 10:15:24', '2026-01-08 03:15:24', NULL),
(854, 39, 21, 'Ciledug', 1, 2026, 30000.00, 30000.00, 30000.00, 7, NULL, '2026-01-08 10:15:24', '2026-01-08 03:15:24', NULL),
(855, 40, 21, 'Ciledug', 1, 2026, 32000.00, 32000.00, 32000.00, 7, NULL, '2026-01-08 10:15:24', '2026-01-08 03:15:24', NULL),
(856, 41, 21, 'Ciledug', 1, 2026, 14000.00, 14000.00, 14000.00, 7, NULL, '2026-01-08 10:15:24', '2026-01-08 03:15:24', NULL),
(857, 49, 21, 'Ciledug', 1, 2026, 13000.00, 13000.00, 13000.00, 7, NULL, '2026-01-08 10:15:24', '2026-01-08 03:15:24', NULL),
(858, 64, 21, 'Ciledug', 1, 2026, 16000.00, 16000.00, 16000.00, 7, NULL, '2026-01-08 10:15:24', '2026-01-08 03:15:24', NULL),
(859, 42, 21, 'Ciledug', 1, 2026, 14000.00, 14000.00, 14000.00, 7, NULL, '2026-01-08 10:15:24', '2026-01-08 03:15:24', NULL),
(860, 43, 21, 'Ciledug', 1, 2026, 15000.00, 15000.00, 15000.00, 7, NULL, '2026-01-08 10:15:24', '2026-01-08 03:15:24', NULL);

-- --------------------------------------------------------

--
-- Table structure for table `jenis_barang`
--

CREATE TABLE `jenis_barang` (
  `id` int(11) NOT NULL,
  `kode_jenis` varchar(20) NOT NULL,
  `nama_jenis` varchar(100) NOT NULL,
  `deskripsi` text DEFAULT NULL,
  `status` enum('aktif','nonaktif') DEFAULT 'aktif',
  `created_at` timestamp NOT NULL DEFAULT current_timestamp()
) ENGINE=InnoDB DEFAULT CHARSET=utf8mb4 COLLATE=utf8mb4_unicode_ci;

--
-- Dumping data for table `jenis_barang`
--

INSERT INTO `jenis_barang` (`id`, `kode_jenis`, `nama_jenis`, `deskripsi`, `status`, `created_at`) VALUES
(1, 'BB', 'Bahan Baku', 'Bahan mentah yang akan diproses menjadi produk jadi', 'aktif', '2025-12-27 03:40:34'),
(2, 'BJ', 'Bahan Jadi', 'Produk yang sudah jadi dan siap distribusi', 'aktif', '2025-12-27 03:40:34'),
(3, 'PK', 'Perlengkapan Kantor', 'Alat tulis dan perlengkapan operasional kantor', 'aktif', '2025-12-27 03:40:34');

-- --------------------------------------------------------

--
-- Table structure for table `kantor`
--

CREATE TABLE `kantor` (
  `id` int(11) NOT NULL,
  `kode_kantor` varchar(20) NOT NULL,
  `nama_kantor` varchar(100) NOT NULL,
  `alamat` text DEFAULT NULL,
  `no_telp` varchar(20) DEFAULT NULL,
  `pic_name` varchar(100) DEFAULT NULL,
  `pic_phone` varchar(20) DEFAULT NULL,
  `status` enum('aktif','nonaktif') DEFAULT 'aktif',
  `created_at` timestamp NOT NULL DEFAULT current_timestamp(),
  `updated_at` timestamp NULL DEFAULT NULL ON UPDATE current_timestamp()
) ENGINE=InnoDB DEFAULT CHARSET=utf8mb4 COLLATE=utf8mb4_unicode_ci;

--
-- Dumping data for table `kantor`
--

INSERT INTO `kantor` (`id`, `kode_kantor`, `nama_kantor`, `alamat`, `no_telp`, `pic_name`, `pic_phone`, `status`, `created_at`, `updated_at`) VALUES
(1, 'KTR001', 'Kantor Cabang 1', 'Alamat Kantor 1', NULL, NULL, NULL, 'aktif', '2025-12-27 03:40:34', NULL),
(2, 'KTR002', 'Kantor Cabang 2', 'Alamat Kantor 2', NULL, NULL, NULL, 'aktif', '2025-12-27 03:40:34', NULL),
(3, 'KTR003', 'Kantor Cabang 3', 'Alamat Kantor 3', NULL, NULL, NULL, 'aktif', '2025-12-27 03:40:34', NULL),
(4, 'KTR004', 'Kantor Cabang 4', 'Alamat Kantor 4', NULL, NULL, NULL, 'aktif', '2025-12-27 03:40:34', NULL),
(5, 'KTR005', 'Kantor Cabang 5', 'Alamat Kantor 5', NULL, NULL, NULL, 'aktif', '2025-12-27 03:40:34', NULL),
(6, 'KTR006', 'Kantor Cabang 6', 'Alamat Kantor 6', NULL, NULL, NULL, 'aktif', '2025-12-27 03:40:34', NULL);

-- --------------------------------------------------------

--
-- Table structure for table `kartu_stok`
--

CREATE TABLE `kartu_stok` (
  `id` int(11) NOT NULL,
  `produk_id` int(11) NOT NULL,
  `tanggal` datetime NOT NULL,
  `jenis_transaksi` enum('masuk','keluar','opname','adjustment') NOT NULL,
  `referensi_tipe` varchar(50) DEFAULT NULL COMMENT 'penerimaan/distribusi/opname/adjustment',
  `referensi_id` int(11) DEFAULT NULL,
  `qty` decimal(10,2) NOT NULL,
  `saldo_awal` decimal(10,2) NOT NULL,
  `saldo_akhir` decimal(10,2) NOT NULL,
  `keterangan` text DEFAULT NULL,
  `user_id` int(11) DEFAULT NULL,
  `created_at` timestamp NOT NULL DEFAULT current_timestamp()
) ENGINE=InnoDB DEFAULT CHARSET=utf8mb4 COLLATE=utf8mb4_unicode_ci;

--
-- Dumping data for table `kartu_stok`
--

INSERT INTO `kartu_stok` (`id`, `produk_id`, `tanggal`, `jenis_transaksi`, `referensi_tipe`, `referensi_id`, `qty`, `saldo_awal`, `saldo_akhir`, `keterangan`, `user_id`, `created_at`) VALUES
(1, 43, '2025-12-30 09:10:21', 'masuk', 'penerimaan', 1, 30.00, 0.00, 30.00, NULL, 1, '2025-12-30 02:10:21'),
(2, 43, '2025-12-30 09:12:38', 'masuk', 'penerimaan', 2, 30.00, 30.00, 60.00, NULL, 1, '2025-12-30 02:12:38'),
(4, 43, '2025-12-30 09:33:24', 'keluar', 'distribusi_reserved', 2, 20.00, 60.00, 60.00, 'Reserved untuk distribusi DST/2025/12/001', 1, '2025-12-30 02:33:24');

-- --------------------------------------------------------

--
-- Table structure for table `kategori`
--

CREATE TABLE `kategori` (
  `id` int(11) NOT NULL,
  `kode_kategori` varchar(20) NOT NULL,
  `nama_kategori` varchar(100) NOT NULL,
  `jenis_barang_id` int(11) NOT NULL COMMENT 'bahan baku/jadi/perlengkapan',
  `parent_id` int(11) DEFAULT NULL,
  `deskripsi` text DEFAULT NULL,
  `status` enum('aktif','nonaktif') DEFAULT 'aktif',
  `created_at` timestamp NOT NULL DEFAULT current_timestamp(),
  `updated_at` timestamp NULL DEFAULT NULL ON UPDATE current_timestamp()
) ENGINE=InnoDB DEFAULT CHARSET=utf8mb4 COLLATE=utf8mb4_unicode_ci;

--
-- Dumping data for table `kategori`
--

INSERT INTO `kategori` (`id`, `kode_kategori`, `nama_kategori`, `jenis_barang_id`, `parent_id`, `deskripsi`, `status`, `created_at`, `updated_at`) VALUES
(1, 'BB-001', 'Bahan Kimia', 1, NULL, 'Bahan kimia untuk produksi', 'aktif', '2025-12-27 03:40:34', NULL),
(2, 'BB-002', 'Bahan Plastik', 1, NULL, 'Bahan baku plastik', 'aktif', '2025-12-27 03:40:34', NULL),
(3, 'BB-003', 'Bahan Logam', 1, NULL, 'Bahan baku logam', 'aktif', '2025-12-27 03:40:34', NULL),
(4, 'BB-004', 'Bahan Tekstil', 1, NULL, 'Bahan baku tekstil', 'aktif', '2025-12-27 03:40:34', NULL),
(5, 'BJ-001', 'Produk A', 2, NULL, 'Produk jadi kategori A', 'aktif', '2025-12-27 03:40:34', NULL),
(6, 'BJ-002', 'Produk B', 2, NULL, 'Produk jadi kategori B', 'aktif', '2025-12-27 03:40:34', NULL),
(7, 'BJ-003', 'Produk C', 2, NULL, 'Produk jadi kategori C', 'aktif', '2025-12-27 03:40:34', NULL),
(8, 'PK-001', 'Alat Tulis', 3, NULL, 'Alat tulis kantor', 'aktif', '2025-12-27 03:40:34', NULL),
(9, 'PK-002', 'Kertas & Dokumen', 3, NULL, 'Kertas dan keperluan dokumen', 'aktif', '2025-12-27 03:40:34', NULL),
(10, 'PK-003', 'Peralatan Elektronik', 3, NULL, 'Peralatan elektronik kantor', 'aktif', '2025-12-27 03:40:34', NULL),
(11, 'PK-004', 'Perlengkapan Umum', 3, NULL, 'Perlengkapan kantor lainnya', 'aktif', '2025-12-27 03:40:34', NULL);

-- --------------------------------------------------------

--
-- Table structure for table `logs`
--

CREATE TABLE `logs` (
  `id` int(11) NOT NULL,
  `user_id` int(11) NOT NULL,
  `description` text NOT NULL,
  `module` varchar(50) NOT NULL,
  `ref_id` int(11) DEFAULT 0,
  `ip_address` varchar(45) NOT NULL,
  `user_agent` text DEFAULT NULL,
  `created_at` datetime DEFAULT current_timestamp()
) ENGINE=InnoDB DEFAULT CHARSET=utf8mb4 COLLATE=utf8mb4_unicode_ci;

--
-- Dumping data for table `logs`
--

INSERT INTO `logs` (`id`, `user_id`, `description`, `module`, `ref_id`, `ip_address`, `user_agent`, `created_at`) VALUES
(1, 1, 'Membuat distribusi baru: DST/2025/12/001', 'distribusi', 2, '::1', 'Mozilla/5.0 (Windows NT 10.0; Win64; x64) AppleWebKit/537.36 (KHTML, like Gecko) Chrome/143.0.0.0 Safari/537.36', '2025-12-30 09:33:24'),
(2, 1, 'Membuat perencanaan menu bulk (2 hari)', 'menu', 2, '::1', 'Mozilla/5.0 (Windows NT 10.0; Win64; x64) AppleWebKit/537.36 (KHTML, like Gecko) Chrome/143.0.0.0 Safari/537.36', '2026-01-02 09:21:16'),
(3, 1, 'Membuat perencanaan menu bulk (1 hari)', 'menu', 4, '::1', 'Mozilla/5.0 (Windows NT 10.0; Win64; x64) AppleWebKit/537.36 (KHTML, like Gecko) Chrome/143.0.0.0 Safari/537.36', '2026-01-02 14:36:28'),
(4, 1, 'Membuat perencanaan menu bulk (1 hari)', 'menu', 5, '::1', 'Mozilla/5.0 (Windows NT 10.0; Win64; x64) AppleWebKit/537.36 (KHTML, like Gecko) Chrome/143.0.0.0 Safari/537.36', '2026-01-02 14:41:28'),
(5, 1, 'Membuat perencanaan menu bulk (1 hari)', 'menu', 6, '::1', 'Mozilla/5.0 (Windows NT 10.0; Win64; x64) AppleWebKit/537.36 (KHTML, like Gecko) Chrome/143.0.0.0 Safari/537.36', '2026-01-03 09:18:13'),
(6, 1, 'Membuat perencanaan menu bulk (1 hari)', 'menu', 7, '::1', 'Mozilla/5.0 (Windows NT 10.0; Win64; x64) AppleWebKit/537.36 (KHTML, like Gecko) Chrome/143.0.0.0 Safari/537.36', '2026-01-07 13:27:40'),
(7, 1, 'Membuat menu catalog baru', 'menu_master', 1, '::1', 'Mozilla/5.0 (Windows NT 10.0; Win64; x64) AppleWebKit/537.36 (KHTML, like Gecko) Chrome/143.0.0.0 Safari/537.36', '2026-01-07 13:57:36'),
(8, 1, 'Menjadwalkan menu dari catalog', 'menu_harian', 8, '::1', 'Mozilla/5.0 (Windows NT 10.0; Win64; x64) AppleWebKit/537.36 (KHTML, like Gecko) Chrome/143.0.0.0 Safari/537.36', '2026-01-07 13:59:08'),
(9, 1, 'Menjadwalkan menu dari catalog', 'menu_harian', 9, '::1', 'Mozilla/5.0 (Windows NT 10.0; Win64; x64) AppleWebKit/537.36 (KHTML, like Gecko) Chrome/143.0.0.0 Safari/537.36', '2026-01-07 13:59:29'),
(10, 1, 'Menjadwalkan menu dari catalog', 'menu_harian', 10, '::1', 'Mozilla/5.0 (Windows NT 10.0; Win64; x64) AppleWebKit/537.36 (KHTML, like Gecko) Chrome/143.0.0.0 Safari/537.36', '2026-01-07 14:00:37'),
(11, 1, 'Menjadwalkan menu dari catalog', 'menu_harian', 11, '::1', 'Mozilla/5.0 (Windows NT 10.0; Win64; x64) AppleWebKit/537.36 (KHTML, like Gecko) Chrome/143.0.0.0 Safari/537.36', '2026-01-07 14:02:56'),
(12, 1, 'Menghapus menu planner', 'menu', 8, '::1', 'Mozilla/5.0 (Windows NT 10.0; Win64; x64) AppleWebKit/537.36 (KHTML, like Gecko) Chrome/143.0.0.0 Safari/537.36', '2026-01-07 14:03:14'),
(13, 1, 'Menghapus menu planner', 'menu', 10, '::1', 'Mozilla/5.0 (Windows NT 10.0; Win64; x64) AppleWebKit/537.36 (KHTML, like Gecko) Chrome/143.0.0.0 Safari/537.36', '2026-01-07 14:04:33'),
(14, 1, 'Menghapus menu planner', 'menu', 9, '::1', 'Mozilla/5.0 (Windows NT 10.0; Win64; x64) AppleWebKit/537.36 (KHTML, like Gecko) Chrome/143.0.0.0 Safari/537.36', '2026-01-07 14:04:35'),
(15, 1, 'Menghapus menu planner', 'menu', 11, '::1', 'Mozilla/5.0 (Windows NT 10.0; Win64; x64) AppleWebKit/537.36 (KHTML, like Gecko) Chrome/143.0.0.0 Safari/537.36', '2026-01-07 15:48:39'),
(16, 1, 'Menghapus menu catalog', 'menu_master', 1, '::1', 'Mozilla/5.0 (Windows NT 10.0; Win64; x64) AppleWebKit/537.36 (KHTML, like Gecko) Chrome/143.0.0.0 Safari/537.36', '2026-01-07 15:48:51'),
(17, 1, 'Menghapus menu catalog', 'menu_master', 1, '::1', 'Mozilla/5.0 (Windows NT 10.0; Win64; x64) AppleWebKit/537.36 (KHTML, like Gecko) Chrome/143.0.0.0 Safari/537.36', '2026-01-07 15:48:54'),
(18, 1, 'Membuat menu catalog baru', 'menu_master', 2, '::1', 'Mozilla/5.0 (Windows NT 10.0; Win64; x64) AppleWebKit/537.36 (KHTML, like Gecko) Chrome/143.0.0.0 Safari/537.36', '2026-01-07 15:54:04'),
(19, 1, 'Membuat menu catalog baru', 'menu_master', 3, '::1', 'Mozilla/5.0 (Windows NT 10.0; Win64; x64) AppleWebKit/537.36 (KHTML, like Gecko) Chrome/143.0.0.0 Safari/537.36', '2026-01-07 15:54:07'),
(20, 1, 'Menghapus menu catalog', 'menu_master', 3, '::1', 'Mozilla/5.0 (Windows NT 10.0; Win64; x64) AppleWebKit/537.36 (KHTML, like Gecko) Chrome/143.0.0.0 Safari/537.36', '2026-01-07 15:54:36'),
(21, 1, 'Menghapus menu catalog', 'menu_master', 2, '::1', 'Mozilla/5.0 (Windows NT 10.0; Win64; x64) AppleWebKit/537.36 (KHTML, like Gecko) Chrome/143.0.0.0 Safari/537.36', '2026-01-07 15:54:40'),
(22, 1, 'Membuat menu catalog baru', 'menu_master', 7, '::1', 'Mozilla/5.0 (Windows NT 10.0; Win64; x64) AppleWebKit/537.36 (KHTML, like Gecko) Chrome/143.0.0.0 Safari/537.36', '2026-01-07 16:25:12'),
(23, 1, 'Mengupdate menu catalog', 'menu_master', 7, '::1', 'Mozilla/5.0 (Windows NT 10.0; Win64; x64) AppleWebKit/537.36 (KHTML, like Gecko) Chrome/143.0.0.0 Safari/537.36', '2026-01-07 16:25:33'),
(24, 1, 'Membuat menu catalog baru', 'menu_master', 8, '::1', 'Mozilla/5.0 (Windows NT 10.0; Win64; x64) AppleWebKit/537.36 (KHTML, like Gecko) Chrome/143.0.0.0 Safari/537.36', '2026-01-07 16:25:57'),
(25, 1, 'Membuat menu catalog baru', 'menu_master', 9, '::1', 'Mozilla/5.0 (Windows NT 10.0; Win64; x64) AppleWebKit/537.36 (KHTML, like Gecko) Chrome/143.0.0.0 Safari/537.36', '2026-01-07 16:27:51'),
(26, 1, 'Menghapus menu catalog', 'menu_master', 7, '::1', 'Mozilla/5.0 (Windows NT 10.0; Win64; x64) AppleWebKit/537.36 (KHTML, like Gecko) Chrome/143.0.0.0 Safari/537.36', '2026-01-07 16:27:55'),
(27, 1, 'Menghapus menu catalog', 'menu_master', 9, '::1', 'Mozilla/5.0 (Windows NT 10.0; Win64; x64) AppleWebKit/537.36 (KHTML, like Gecko) Chrome/143.0.0.0 Safari/537.36', '2026-01-07 16:29:35'),
(28, 1, 'Menghapus menu catalog', 'menu_master', 8, '::1', 'Mozilla/5.0 (Windows NT 10.0; Win64; x64) AppleWebKit/537.36 (KHTML, like Gecko) Chrome/143.0.0.0 Safari/537.36', '2026-01-07 16:29:38'),
(29, 1, 'Membuat request baru: REQ/2026/01/001', 'request', 1, '::1', 'Mozilla/5.0 (Windows NT 10.0; Win64; x64) AppleWebKit/537.36 (KHTML, like Gecko) Chrome/143.0.0.0 Safari/537.36', '2026-01-08 09:22:30'),
(30, 1, 'Membuat request baru: REQ/2026/01/002', 'request', 2, '::1', 'Mozilla/5.0 (Windows NT 10.0; Win64; x64) AppleWebKit/537.36 (KHTML, like Gecko) Chrome/143.0.0.0 Safari/537.36', '2026-01-08 09:32:40'),
(31, 1, 'Membuat request baru: REQ/2026/01/003', 'request', 3, '::1', 'Mozilla/5.0 (Windows NT 10.0; Win64; x64) AppleWebKit/537.36 (KHTML, like Gecko) Chrome/143.0.0.0 Safari/537.36', '2026-01-08 09:41:25'),
(32, 1, 'Menolak request: REQ/2026/01/003', 'request', 3, '::1', 'Mozilla/5.0 (Linux; Android 6.0; Nexus 5 Build/MRA58N) AppleWebKit/537.36 (KHTML, like Gecko) Chrome/143.0.0.0 Mobile Safari/537.36', '2026-01-08 09:52:06'),
(33, 1, 'Membuat menu catalog baru', 'menu_master', 10, '::1', 'Mozilla/5.0 (Windows NT 10.0; Win64; x64) AppleWebKit/537.36 (KHTML, like Gecko) Chrome/143.0.0.0 Safari/537.36', '2026-01-08 18:18:40');

-- --------------------------------------------------------

--
-- Table structure for table `log_activity`
--

CREATE TABLE `log_activity` (
  `id` int(11) NOT NULL,
  `user_id` int(11) NOT NULL,
  `activity` varchar(255) NOT NULL,
  `module` varchar(50) DEFAULT NULL COMMENT 'request/pembelanjaan/distribusi/dll',
  `reference_id` int(11) DEFAULT NULL,
  `ip_address` varchar(45) DEFAULT NULL,
  `user_agent` text DEFAULT NULL,
  `created_at` timestamp NOT NULL DEFAULT current_timestamp()
) ENGINE=InnoDB DEFAULT CHARSET=utf8mb4 COLLATE=utf8mb4_unicode_ci;

--
-- Dumping data for table `log_activity`
--

INSERT INTO `log_activity` (`id`, `user_id`, `activity`, `module`, `reference_id`, `ip_address`, `user_agent`, `created_at`) VALUES
(1, 1, 'Login ke sistem', 'auth', NULL, '::1', NULL, '2025-12-27 03:52:23'),
(2, 1, 'Logout dari sistem', 'auth', NULL, '::1', NULL, '2025-12-29 03:26:14'),
(3, 1, 'Login ke sistem', 'auth', NULL, '::1', NULL, '2025-12-29 03:26:31'),
(4, 1, 'Login ke sistem', 'auth', NULL, '::1', NULL, '2025-12-29 06:27:02'),
(5, 1, 'Memulai scraping data harga pasar untuk 12-2025', 'scraping', NULL, '::1', NULL, '2025-12-29 06:30:25'),
(6, 1, 'Scraping selesai: 7/7 pasar, 298 komoditas', 'scraping', NULL, '::1', NULL, '2025-12-29 06:30:39'),
(7, 1, 'Membuat menu harian: Nasi Goreng', 'menu', 1, '::1', NULL, '2025-12-29 07:15:59'),
(8, 1, 'Menyetujui menu: Nasi Goreng', 'menu', 1, '::1', NULL, '2025-12-29 07:19:11'),
(9, 1, 'Menyetujui menu: Nasi Goreng', 'menu', 1, '::1', NULL, '2025-12-29 07:20:34'),
(10, 1, 'Memulai scraping data harga pasar untuk 12-2025', 'scraping', NULL, '::1', NULL, '2025-12-30 03:57:10'),
(11, 1, 'Scraping selesai: 7/7 pasar, 298 komoditas', 'scraping', NULL, '::1', NULL, '2025-12-30 03:57:21'),
(12, 1, 'Menghapus menu: Menu 2026-01-02', 'menu', 4, '::1', NULL, '2026-01-02 07:40:46'),
(13, 1, 'Logout dari sistem', 'auth', NULL, '::1', NULL, '2026-01-03 02:05:36'),
(14, 1, 'Login ke sistem', 'auth', NULL, '::1', NULL, '2026-01-03 02:05:43'),
(15, 1, 'Update harga produk: Bawang Merah', 'harga', 34, '::1', 'Mozilla/5.0 (Windows NT 10.0; Win64; x64) AppleWebKit/537.36 (KHTML, like Gecko) Chrome/143.0.0.0 Safari/537.36', '2026-01-03 02:09:06'),
(16, 1, 'Login ke sistem', 'auth', NULL, '::1', NULL, '2026-01-03 13:18:19'),
(17, 1, 'Login ke sistem', 'auth', NULL, '::1', NULL, '2026-01-07 06:20:13'),
(18, 1, 'Login ke sistem', 'auth', NULL, '::1', NULL, '2026-01-07 06:57:46'),
(19, 1, 'Login ke sistem', 'auth', NULL, '::1', NULL, '2026-01-07 07:06:14'),
(20, 1, 'Login ke sistem', 'auth', NULL, '::1', NULL, '2026-01-07 07:25:05'),
(21, 1, 'Memulai scraping data harga pasar untuk 1-2026', 'scraping', NULL, '::1', NULL, '2026-01-08 03:14:52'),
(22, 1, 'Scraping selesai: 7/7 pasar, 264 komoditas', 'scraping', NULL, '::1', NULL, '2026-01-08 03:15:25');

-- --------------------------------------------------------

--
-- Table structure for table `log_scan_qr`
--

CREATE TABLE `log_scan_qr` (
  `id` int(11) NOT NULL,
  `qr_code` varchar(255) NOT NULL,
  `distribusi_id` int(11) DEFAULT NULL,
  `user_id` int(11) DEFAULT NULL COMMENT 'user yang scan',
  `scan_time` datetime NOT NULL,
  `scan_status` enum('success','failed','duplicate') NOT NULL,
  `device_info` text DEFAULT NULL COMMENT 'info device yang scan',
  `ip_address` varchar(45) DEFAULT NULL,
  `latitude` varchar(50) DEFAULT NULL,
  `longitude` varchar(50) DEFAULT NULL,
  `keterangan` text DEFAULT NULL,
  `created_at` timestamp NOT NULL DEFAULT current_timestamp()
) ENGINE=InnoDB DEFAULT CHARSET=utf8mb4 COLLATE=utf8mb4_unicode_ci;

-- --------------------------------------------------------

--
-- Table structure for table `margin_summary`
--

CREATE TABLE `margin_summary` (
  `id` int(11) NOT NULL,
  `tanggal` date NOT NULL,
  `produk_id` int(11) NOT NULL,
  `total_qty` decimal(10,2) NOT NULL DEFAULT 0.00,
  `total_margin` decimal(15,2) NOT NULL DEFAULT 0.00,
  `avg_margin_per_unit` decimal(15,2) NOT NULL DEFAULT 0.00,
  `jumlah_transaksi` int(11) NOT NULL DEFAULT 0,
  `created_at` timestamp NOT NULL DEFAULT current_timestamp(),
  `updated_at` timestamp NULL DEFAULT NULL ON UPDATE current_timestamp()
) ENGINE=InnoDB DEFAULT CHARSET=utf8mb4 COLLATE=utf8mb4_unicode_ci;

-- --------------------------------------------------------

--
-- Table structure for table `menu_harian`
--

CREATE TABLE `menu_harian` (
  `id` int(11) NOT NULL,
  `no_menu` varchar(50) NOT NULL,
  `menu_master_id` int(11) DEFAULT NULL,
  `tanggal_menu` date NOT NULL,
  `nama_menu` varchar(200) NOT NULL,
  `deskripsi` text DEFAULT NULL,
  `total_porsi` int(11) DEFAULT 0 COMMENT 'Total portions to be prepared',
  `kantor_id` int(11) DEFAULT NULL COMMENT 'Target office, NULL = all offices',
  `status` enum('draft','approved','processing','completed','cancelled') DEFAULT 'draft',
  `created_by` int(11) NOT NULL,
  `approved_by` int(11) DEFAULT NULL,
  `approved_at` datetime DEFAULT NULL,
  `notes` text DEFAULT NULL COMMENT 'Additional notes',
  `created_at` timestamp NOT NULL DEFAULT current_timestamp(),
  `updated_at` timestamp NULL DEFAULT NULL ON UPDATE current_timestamp()
) ENGINE=InnoDB DEFAULT CHARSET=utf8mb4 COLLATE=utf8mb4_unicode_ci;

-- --------------------------------------------------------

--
-- Table structure for table `menu_harian_detail`
--

CREATE TABLE `menu_harian_detail` (
  `id` int(11) NOT NULL,
  `menu_id` int(11) NOT NULL,
  `produk_id` int(11) NOT NULL,
  `resep_id` int(11) DEFAULT NULL,
  `qty_needed` decimal(10,2) NOT NULL COMMENT 'Total quantity needed',
  `qty_from_warehouse` decimal(10,2) DEFAULT 0.00 COMMENT 'Quantity from warehouse stock',
  `qty_to_purchase` decimal(10,2) DEFAULT 0.00 COMMENT 'Quantity to buy from market',
  `warehouse_reserved` tinyint(1) DEFAULT 0 COMMENT '1 if warehouse stock reserved',
  `market_recommendation` text DEFAULT NULL COMMENT 'JSON: {pasar_id, nama_pasar, harga}',
  `pembelanjaan_id` int(11) DEFAULT NULL COMMENT 'Link to purchase record',
  `purchase_status` enum('pending','purchased','received') DEFAULT 'pending',
  `distribution_status` enum('pending','distributed','completed') DEFAULT 'pending',
  `keterangan` text DEFAULT NULL,
  `created_at` timestamp NOT NULL DEFAULT current_timestamp(),
  `updated_at` timestamp NULL DEFAULT NULL ON UPDATE current_timestamp()
) ENGINE=InnoDB DEFAULT CHARSET=utf8mb4 COLLATE=utf8mb4_unicode_ci;

-- --------------------------------------------------------

--
-- Table structure for table `menu_master`
--

CREATE TABLE `menu_master` (
  `id` int(11) NOT NULL,
  `nama_menu` varchar(200) NOT NULL,
  `deskripsi` text DEFAULT NULL,
  `created_by` int(11) NOT NULL,
  `created_at` timestamp NOT NULL DEFAULT current_timestamp(),
  `updated_at` timestamp NULL DEFAULT NULL ON UPDATE current_timestamp()
) ENGINE=InnoDB DEFAULT CHARSET=utf8mb4 COLLATE=utf8mb4_unicode_ci;

--
-- Dumping data for table `menu_master`
--

INSERT INTO `menu_master` (`id`, `nama_menu`, `deskripsi`, `created_by`, `created_at`, `updated_at`) VALUES
(10, 'Contoh', 'Contoh', 1, '2026-01-08 11:18:40', NULL),
(11, 'Nasi Ayam Bistik Tahu Steam', 'Paket nasi dengan ayam bistik dan tahu steam saus asam manis', 1, '2026-01-08 11:25:47', NULL),
(12, 'Ikan Dori Pakcoy Garlic', 'Paket ikan dori tepung asam manis dengan pakcoy garlic', 1, '2026-01-08 11:25:47', NULL),
(13, 'Beef Teriyaki Nugget Tempe', 'Paket beef teriyaki dengan nugget tempe dan salad hokben', 1, '2026-01-08 11:25:47', NULL),
(14, 'Ayam Kalasan Tahu Kuning', 'Paket ayam kalasan dengan tahu kuning', 1, '2026-01-08 11:25:47', NULL),
(15, 'Semur Telur Cah Wortel Buncis', 'Paket semur telur dengan cah wortel buncis', 1, '2026-01-08 11:25:47', NULL),
(16, 'Chicken Katsu Tahu Crispy', 'Paket chicken katsu saus bbq dengan tahu crispy', 1, '2026-01-08 11:25:47', NULL),
(17, 'Nasi Rempah Dadar Oreg', 'Paket nasi rempah dengan dadar potong dan oreg kering', 1, '2026-01-08 11:25:47', NULL),
(18, 'Ayam Lengkuas Buncis Garlic', 'Paket ayam lengkuas dengan buncis garlic', 1, '2026-01-08 11:25:47', NULL),
(19, 'Ikan Lele Sambal Tomat', 'Paket ikan lele goreng dengan sambal tomat', 1, '2026-01-08 11:25:47', NULL),
(20, 'Spaghetti Bolognese', 'Paket spaghetti bolognese dengan mix vegetable', 1, '2026-01-08 11:25:47', NULL),
(21, 'Nasi Ayam Teriyaki Tahu Goreng', 'Paket nasi dengan ayam teriyaki, tahu goreng, dan tumis wortel sawi hijau', 1, '2026-01-08 23:28:21', NULL),
(22, 'Nasi Ikan Kakap Katsu Tempe Goreng', 'Paket nasi dengan ikan kakap katsu, tempe goreng, dan selada timun', 1, '2026-01-08 23:28:21', NULL),
(23, 'Nasi Telur Asam Manis Bola-bola Tahu', 'Paket nasi dengan telur asam manis, bola-bola tahu, dan tumis wortel labusiam', 1, '2026-01-08 23:28:21', NULL),
(24, 'Nasi Chicken Popcorn Bola-bola Tahu', 'Paket nasi dengan chicken popcorn, bola-bola tahu, dan tempe selimut', 1, '2026-01-08 23:28:21', NULL),
(25, 'Potato Wedges Chicken Steak', 'Paket potato wedges dengan chicken steak sauce dan mix vegie', 1, '2026-01-08 23:28:21', NULL),
(26, 'Nasi Bakso Asam Manis Perkedel Tahu', 'Paket nasi dengan bakso asam manis, perkedel tahu, dan capcay', 1, '2026-01-08 23:28:21', NULL),
(27, 'Nasi Kuning Ayam Goreng Tempe Orek', 'Paket nasi kuning dengan ayam goreng, tempe orek, dan selada timun', 1, '2026-01-08 23:28:21', NULL),
(28, 'Nasi Ikan Sauce Sarden Tahu Goreng', 'Paket nasi dengan ikan sauce sarden, tahu goreng, dan tumis wortel sawi hijau', 1, '2026-01-08 23:28:21', NULL),
(29, 'Nasi Telur Balado Tempe Goreng Tepung', 'Paket nasi dengan telur balado, tempe goreng tepung, dan wortel labusiam rebus', 1, '2026-01-08 23:28:21', NULL),
(30, 'Mie Semur Ayam Cincang', 'Paket mie dengan semur ayam cincang dan sawi hijau putih rebus', 1, '2026-01-08 23:28:21', NULL),
(31, 'Nasi Chicken Karage Bola-bola Tahu', 'Paket nasi dengan chicken karage, bola-bola tahu, dan salad colslow', 1, '2026-01-08 23:28:21', NULL),
(32, 'Nasi Telur Dadar Saus Asam Manis', 'Paket nasi dengan telur dadar saus asam manis, nugget tempe, dan tumis labusiam', 1, '2026-01-08 23:28:21', NULL),
(33, 'Nasi Ayam Kalasan Tahu Goreng', 'Paket nasi dengan ayam kalasan, tahu goreng, dan sayur acar', 1, '2026-01-08 23:28:21', NULL),
(34, 'Nasi Ikan Lele Goreng Tempe Goreng Kremes', 'Paket nasi dengan ikan lele goreng, tempe goreng kremes, dan pakcoy saus tiram', 1, '2026-01-08 23:28:21', NULL),
(35, 'Spaghetti Saus Bolognese', 'Paket spaghetti dengan saus bolognese dan orak-arik kol wortel', 1, '2026-01-08 23:28:21', NULL),
(36, 'Nasi Semur Ayam Tahu Goreng Capcay', 'Paket nasi dengan semur ayam, tahu goreng, dan capcay', 1, '2026-01-08 23:34:25', NULL),
(37, 'Nasi Udang Goreng Tepung Sup Kacang Merah', 'Paket nasi dengan udang goreng tepung, sup kacang merah, dan tumis kacang panjang', 1, '2026-01-08 23:34:25', NULL),
(38, 'Nasi Fred Chicken Tempe Goreng', 'Paket nasi dengan fred chicken, tempe goreng, dan tumis sawi putih', 1, '2026-01-08 23:34:25', NULL),
(39, 'Nasi Goreng Singapur Ayam Bakar Perkedel Tahu', 'Paket nasi goreng singapur dengan ayam bakar, perkedel tahu, dan acar manis', 1, '2026-01-08 23:34:25', NULL),
(40, 'Nasi Chicken Katsu Tumis Baso Wortel', 'Paket nasi dengan chicken katsu, saus asam manis, tumis baso wortel, dan tempe goreng', 1, '2026-01-08 23:34:25', NULL),
(41, 'Ayam Goreng Bumbu Kuning Tumis Wortel Buncis', 'Paket nasi dengan ayam goreng bumbu kuning, tumis wortel buncis, dan tempe goreng', 1, '2026-01-08 23:57:45', NULL),
(42, 'Ikan Pindang Balado Sayur Bayam Jagung', 'Paket nasi dengan ikan pindang balado, sayur bayam jagung, dan tahu goreng', 1, '2026-01-08 23:57:45', NULL),
(43, 'Telur Dadar Sayur Sayur Sop Tempe Bacem', 'Paket nasi dengan telur dadar sayur, sayur sop, dan tempe bacem', 1, '2026-01-08 23:57:45', NULL),
(44, 'Ayam Kecap Capcay', 'Paket nasi dengan ayam kecap dan capcay', 1, '2026-01-08 23:57:45', NULL),
(45, 'Ikan Goreng Sayur Lodeh Tempe Goreng', 'Paket nasi dengan ikan goreng, sayur lodeh, dan tempe goreng', 1, '2026-01-08 23:57:45', NULL),
(46, 'Roti Gandum Telur Rebus', 'Paket makanan kering dengan roti gandum dan telur rebus', 1, '2026-01-08 23:57:45', NULL),
(47, 'Nasi Putih Ayam Goreng Bumbu Kuning', 'Paket nasi dengan ayam goreng bumbu kuning, tumis wortel buncis, dan tempe goreng', 1, '2026-01-09 00:01:12', NULL),
(48, 'Nasi Putih Ikan Pindang Balado', 'Paket nasi dengan ikan pindang balado, sayur kacang merah kuah bening, dan tahu goreng', 1, '2026-01-09 00:01:12', NULL),
(49, 'Nasi Putih Telur Dadar Sayur', 'Paket nasi dengan telur dadar sayur, sayur sop, dan tempe bacem', 1, '2026-01-09 00:01:12', NULL),
(50, 'Nasi Putih Ayam Kecap', 'Paket nasi dengan ayam kecap, capcay, dan tahu goreng/kukus', 1, '2026-01-09 00:01:12', NULL),
(51, 'Nasi Putih Ikan Goreng', 'Paket nasi dengan ikan goreng, sayur lodeh, dan tempe goreng', 1, '2026-01-09 00:01:12', NULL),
(52, 'Test Manual Menu', 'Test Description', 0, '2026-01-09 00:08:03', NULL),
(53, 'Test Manual Menu', 'Test Description', 0, '2026-01-09 00:09:29', NULL),
(54, 'Test Manual Menu', 'Test Description', 0, '2026-01-09 00:12:39', NULL);

-- --------------------------------------------------------

--
-- Table structure for table `menu_master_detail`
--

CREATE TABLE `menu_master_detail` (
  `id` int(11) NOT NULL,
  `menu_master_id` int(11) NOT NULL,
  `item_type` enum('product','recipe','manual') DEFAULT 'product',
  `produk_id` int(11) DEFAULT NULL,
  `resep_id` int(11) DEFAULT NULL,
  `custom_name` varchar(255) DEFAULT NULL,
  `qty_needed` int(11) NOT NULL COMMENT 'Base quantity (usually per 1 portion)',
  `keterangan` text DEFAULT NULL
) ENGINE=InnoDB DEFAULT CHARSET=utf8mb4 COLLATE=utf8mb4_unicode_ci;

--
-- Dumping data for table `menu_master_detail`
--

INSERT INTO `menu_master_detail` (`id`, `menu_master_id`, `item_type`, `produk_id`, `resep_id`, `custom_name`, `qty_needed`, `keterangan`) VALUES
(9, 10, 'product', 36, NULL, NULL, 10, ''),
(10, 10, 'manual', NULL, NULL, 'Ayam', 500, ''),
(11, 11, 'manual', NULL, NULL, 'beras', 75, 'gram'),
(12, 11, 'manual', NULL, NULL, 'ayam potong', 80, 'gram'),
(13, 11, 'manual', NULL, NULL, 'bawang merah', 10, 'gram'),
(14, 11, 'manual', NULL, NULL, 'bawang putih', 10, 'gram'),
(15, 11, 'manual', NULL, NULL, 'jahe', 5, 'gram'),
(16, 11, 'manual', NULL, NULL, 'lengkuas', 5, 'gram'),
(17, 11, 'manual', NULL, NULL, 'kemiri', 5, 'gram'),
(18, 11, 'manual', NULL, NULL, 'sereh', 5, 'gram'),
(19, 11, 'manual', NULL, NULL, 'daun salam', 1, 'lembar'),
(20, 11, 'manual', NULL, NULL, 'kecap manis', 10, 'gram'),
(21, 11, 'manual', NULL, NULL, 'kecap asin', 2, 'gram'),
(22, 11, 'manual', NULL, NULL, 'kecap inggris', 10, 'gram'),
(23, 11, 'manual', NULL, NULL, 'saus tiram', 5, 'gram'),
(24, 11, 'manual', NULL, NULL, 'gula', 2, 'gram'),
(25, 11, 'manual', NULL, NULL, 'penyedap', 2, 'gram'),
(26, 11, 'manual', NULL, NULL, 'tahu putih', 55, 'gram'),
(27, 11, 'manual', NULL, NULL, 'saus tomat', 10, 'gram'),
(28, 11, 'manual', NULL, NULL, 'L&P', 1, 'gram'),
(29, 11, 'manual', NULL, NULL, 'cuka dixi', 2, 'gram'),
(30, 11, 'manual', NULL, NULL, 'gula', 3, 'gram'),
(31, 11, 'manual', NULL, NULL, 'garam', 1, 'gram'),
(32, 11, 'manual', NULL, NULL, 'jahe', 1, 'gram'),
(33, 11, 'manual', NULL, NULL, 'maizena', 1, 'gram'),
(34, 11, 'manual', NULL, NULL, 'wortel', 25, 'gram'),
(35, 11, 'manual', NULL, NULL, 'buncis', 25, 'gram'),
(36, 11, 'manual', NULL, NULL, 'bawang merah', 5, 'gram'),
(37, 11, 'manual', NULL, NULL, 'bawang putih', 5, 'gram'),
(38, 11, 'manual', NULL, NULL, 'minyak wijen', 2, 'gram'),
(39, 11, 'manual', NULL, NULL, 'kecap ikan', 2, 'gram'),
(40, 11, 'manual', NULL, NULL, 'garam', 1, 'gram'),
(41, 11, 'manual', NULL, NULL, 'gula', 1, 'gram'),
(42, 12, 'manual', NULL, NULL, 'ikan dori fillet', 40, 'gram'),
(43, 12, 'manual', NULL, NULL, 'saus tomat', 10, 'gram'),
(44, 12, 'manual', NULL, NULL, 'L&P', 1, 'gram'),
(45, 12, 'manual', NULL, NULL, 'cuka dixi', 2, 'gram'),
(46, 12, 'manual', NULL, NULL, 'gula', 5, 'gram'),
(47, 12, 'manual', NULL, NULL, 'garam', 1, 'gram'),
(48, 12, 'manual', NULL, NULL, 'jahe', 1, 'gram'),
(49, 12, 'manual', NULL, NULL, 'maizena', 1, 'gram'),
(50, 12, 'manual', NULL, NULL, 'pakcoy', 15, 'gram'),
(51, 12, 'manual', NULL, NULL, 'garlic goreng', 2, 'gram'),
(52, 12, 'manual', NULL, NULL, 'bawang putih', 2, 'gram'),
(53, 12, 'manual', NULL, NULL, 'kecap asin', 1, 'gram'),
(54, 12, 'manual', NULL, NULL, 'minyak wijen', 1, 'gram'),
(55, 12, 'manual', NULL, NULL, 'saus tiram', 2, 'gram'),
(56, 12, 'manual', NULL, NULL, 'maizena', 1, 'gram'),
(57, 13, 'manual', NULL, NULL, 'daging shorplate', 70, 'gram'),
(58, 13, 'manual', NULL, NULL, 'bawang bombay', 10, 'gram'),
(59, 13, 'manual', NULL, NULL, 'kecap manis', 5, 'gram'),
(60, 13, 'manual', NULL, NULL, 'kecap asin', 2, 'gram'),
(61, 13, 'manual', NULL, NULL, 'gula', 3, 'gram'),
(62, 13, 'manual', NULL, NULL, 'minyak wijen', 2, 'gram'),
(63, 13, 'manual', NULL, NULL, 'jahe', 1, 'gram'),
(64, 13, 'manual', NULL, NULL, 'lada hitam', 1, 'gram'),
(65, 13, 'manual', NULL, NULL, 'bawang putih', 1, 'gram'),
(66, 13, 'manual', NULL, NULL, 'tempe steam', 30, 'gram'),
(67, 13, 'manual', NULL, NULL, 'telur', 10, 'gram'),
(68, 13, 'manual', NULL, NULL, 'bawang putih', 10, 'gram'),
(69, 13, 'manual', NULL, NULL, 'wortel parut', 10, 'gram'),
(70, 13, 'manual', NULL, NULL, 'bawang goreng', 5, 'gram'),
(71, 13, 'manual', NULL, NULL, 'daun bawang', 10, 'gram'),
(72, 13, 'manual', NULL, NULL, 'garam', 2, 'gram'),
(73, 13, 'manual', NULL, NULL, 'penyedap', 5, 'gram'),
(74, 13, 'manual', NULL, NULL, 'tepung terigu', 10, 'gram'),
(75, 13, 'manual', NULL, NULL, 'wortel', 10, 'gram'),
(76, 13, 'manual', NULL, NULL, 'kol', 10, 'gram'),
(77, 13, 'manual', NULL, NULL, 'cuka dixi', 1, 'gram'),
(78, 13, 'manual', NULL, NULL, 'gula', 2, 'gram'),
(79, 13, 'manual', NULL, NULL, 'garam', 1, 'gram'),
(80, 13, 'manual', NULL, NULL, 'saus tomat', 3, 'gram'),
(81, 13, 'manual', NULL, NULL, 'mayonaise', 3, 'gram'),
(82, 14, 'manual', NULL, NULL, 'ayam potong', 80, 'gram'),
(83, 14, 'manual', NULL, NULL, 'air kelapa', 150, 'ml'),
(84, 14, 'manual', NULL, NULL, 'sereh', 5, 'gram'),
(85, 14, 'manual', NULL, NULL, 'bawang merah', 5, 'gram'),
(86, 14, 'manual', NULL, NULL, 'bawang putih', 5, 'gram'),
(87, 14, 'manual', NULL, NULL, 'ketumbar', 2, 'gram'),
(88, 14, 'manual', NULL, NULL, 'lengkuas', 5, 'gram'),
(89, 14, 'manual', NULL, NULL, 'daun salam', 1, 'lembar'),
(90, 14, 'manual', NULL, NULL, 'gula merah', 2, 'gram'),
(91, 14, 'manual', NULL, NULL, 'kecap', 2, 'gram'),
(92, 14, 'manual', NULL, NULL, 'garam', 2, 'gram'),
(93, 14, 'manual', NULL, NULL, 'penyedap', 2, 'gram'),
(94, 14, 'manual', NULL, NULL, 'tahu', 55, 'gram'),
(95, 14, 'manual', NULL, NULL, 'garam', 2, 'gram'),
(96, 14, 'manual', NULL, NULL, 'ketumbar', 2, 'gram'),
(97, 15, 'manual', NULL, NULL, 'telur ayam', 55, 'gram'),
(98, 15, 'manual', NULL, NULL, 'bawang putih', 5, 'gram'),
(99, 15, 'manual', NULL, NULL, 'bawang merah', 5, 'gram'),
(100, 15, 'manual', NULL, NULL, 'kemiri', 5, 'gram'),
(101, 15, 'manual', NULL, NULL, 'lengkuas', 5, 'gram'),
(102, 15, 'manual', NULL, NULL, 'sereh', 5, 'gram'),
(103, 15, 'manual', NULL, NULL, 'daun jeruk', 1, 'lembar'),
(104, 15, 'manual', NULL, NULL, 'daun salam', 1, 'lembar'),
(105, 15, 'manual', NULL, NULL, 'kecap', 2, 'gram'),
(106, 15, 'manual', NULL, NULL, 'gula merah', 2, 'gram'),
(107, 15, 'manual', NULL, NULL, 'gula pasir', 1, 'gram'),
(108, 15, 'manual', NULL, NULL, 'wortel', 25, 'gram'),
(109, 15, 'manual', NULL, NULL, 'buncis', 25, 'gram'),
(110, 15, 'manual', NULL, NULL, 'bawang merah', 5, 'gram'),
(111, 15, 'manual', NULL, NULL, 'bawang putih', 5, 'gram'),
(112, 15, 'manual', NULL, NULL, 'kecap ikan', 2, 'gram'),
(113, 15, 'manual', NULL, NULL, 'kecap asin', 2, 'gram'),
(114, 15, 'manual', NULL, NULL, 'saus tiram', 2, 'gram'),
(115, 15, 'manual', NULL, NULL, 'gula', 2, 'gram'),
(116, 15, 'manual', NULL, NULL, 'minyak wijen', 1, 'gram'),
(117, 16, 'manual', NULL, NULL, 'ayam fillet', 50, 'gram'),
(118, 16, 'manual', NULL, NULL, 'telur', 10, 'gram'),
(119, 16, 'manual', NULL, NULL, 'garam', 1, 'gram'),
(120, 16, 'manual', NULL, NULL, 'lada', 1, 'gram'),
(121, 16, 'manual', NULL, NULL, 'penyedap', 1, 'gram'),
(122, 16, 'manual', NULL, NULL, 'bawang putih', 5, 'gram'),
(123, 16, 'manual', NULL, NULL, 'air', 100, 'ml'),
(124, 16, 'manual', NULL, NULL, 'tepung terigu', 15, 'gram'),
(125, 16, 'manual', NULL, NULL, 'saus tomat', 20, 'gram'),
(126, 16, 'manual', NULL, NULL, 'kecap inggris', 1, 'gram'),
(127, 16, 'manual', NULL, NULL, 'L&P', 1, 'gram'),
(128, 16, 'manual', NULL, NULL, 'kecap manis', 1, 'gram'),
(129, 16, 'manual', NULL, NULL, 'bawang putih', 5, 'gram'),
(130, 16, 'manual', NULL, NULL, 'minyak wijen', 1, 'gram'),
(131, 16, 'manual', NULL, NULL, 'garam', 1, 'gram'),
(132, 16, 'manual', NULL, NULL, 'saos chili', 5, 'gram'),
(133, 16, 'manual', NULL, NULL, 'gula', 1, 'gram'),
(134, 16, 'manual', NULL, NULL, 'tahu pong', 25, 'gram'),
(135, 16, 'manual', NULL, NULL, 'tepung terigu', 20, 'gram'),
(136, 16, 'manual', NULL, NULL, 'tepung beras', 5, 'gram'),
(137, 16, 'manual', NULL, NULL, 'tepung maizena', 5, 'gram'),
(138, 16, 'manual', NULL, NULL, 'penyedap', 2, 'gram'),
(139, 16, 'manual', NULL, NULL, 'air', 50, 'ml'),
(140, 16, 'manual', NULL, NULL, 'wortel', 20, 'gram'),
(141, 16, 'manual', NULL, NULL, 'buncis', 20, 'gram'),
(142, 16, 'manual', NULL, NULL, 'jagung pipil', 20, 'gram'),
(143, 17, 'manual', NULL, NULL, 'nasi', 100, 'gram'),
(144, 17, 'manual', NULL, NULL, 'daun salam', 1, 'lembar'),
(145, 17, 'manual', NULL, NULL, 'sereh', 1, 'lembar'),
(146, 17, 'manual', NULL, NULL, 'daun jeruk', 1, 'lembar'),
(147, 17, 'manual', NULL, NULL, 'bawang merah', 5, 'gram'),
(148, 17, 'manual', NULL, NULL, 'bawang putih', 5, 'gram'),
(149, 17, 'manual', NULL, NULL, 'penyedap ayam', 2, 'gram'),
(150, 17, 'manual', NULL, NULL, 'telur', 55, 'gram'),
(151, 17, 'manual', NULL, NULL, 'penyedap', 1, 'gram'),
(152, 17, 'manual', NULL, NULL, 'tempe', 30, 'gram'),
(153, 17, 'manual', NULL, NULL, 'kecap', 3, 'gram'),
(154, 17, 'manual', NULL, NULL, 'gula merah', 2, 'gram'),
(155, 17, 'manual', NULL, NULL, 'bawang putih', 2, 'gram'),
(156, 17, 'manual', NULL, NULL, 'daun salam', 1, 'lembar'),
(157, 17, 'manual', NULL, NULL, 'sereh', 1, 'batang'),
(158, 17, 'manual', NULL, NULL, 'daun jeruk', 1, 'lembar'),
(159, 17, 'manual', NULL, NULL, 'lengkuas', 3, 'gram'),
(160, 17, 'manual', NULL, NULL, 'timun', 20, 'gram'),
(161, 17, 'manual', NULL, NULL, 'tomat', 10, 'gram'),
(162, 18, 'manual', NULL, NULL, 'ayam', 80, 'gram'),
(163, 18, 'manual', NULL, NULL, 'bawang merah', 10, 'gram'),
(164, 18, 'manual', NULL, NULL, 'bawang putih', 10, 'gram'),
(165, 18, 'manual', NULL, NULL, 'kemiri', 10, 'gram'),
(166, 18, 'manual', NULL, NULL, 'lengkuas', 30, 'gram'),
(167, 18, 'manual', NULL, NULL, 'jahe', 30, 'gram'),
(168, 18, 'manual', NULL, NULL, 'buncis', 50, 'gram'),
(169, 18, 'manual', NULL, NULL, 'bawang putih', 5, 'gram'),
(170, 18, 'manual', NULL, NULL, 'bawang putih goreng', 5, 'gram'),
(171, 18, 'manual', NULL, NULL, 'saus tiram', 5, 'gram'),
(172, 18, 'manual', NULL, NULL, 'kecap', 3, 'gram'),
(173, 18, 'manual', NULL, NULL, 'minyak wijen', 2, 'gram'),
(174, 18, 'manual', NULL, NULL, 'garam', 1, 'gram'),
(175, 18, 'manual', NULL, NULL, 'penyedap', 1, 'gram'),
(176, 18, 'manual', NULL, NULL, 'lada', 1, 'gram'),
(177, 18, 'manual', NULL, NULL, 'maizena', 2, 'gram'),
(178, 18, 'manual', NULL, NULL, 'air', 50, 'ml'),
(179, 19, 'manual', NULL, NULL, 'ikan lele', 70, 'gram'),
(180, 19, 'manual', NULL, NULL, 'bawang putih', 10, 'gram'),
(181, 19, 'manual', NULL, NULL, 'kunyit bubuk', 5, 'gram'),
(182, 19, 'manual', NULL, NULL, 'jeruk nipis', 1, 'buah'),
(183, 19, 'manual', NULL, NULL, 'ketumbar', 5, 'gram'),
(184, 19, 'manual', NULL, NULL, 'garam', 2, 'gram'),
(185, 19, 'manual', NULL, NULL, 'tomat', 25, 'gram'),
(186, 19, 'manual', NULL, NULL, 'bawang putih', 5, 'gram'),
(187, 19, 'manual', NULL, NULL, 'bawang merah', 5, 'gram'),
(188, 19, 'manual', NULL, NULL, 'cabe merah besar', 15, 'gram'),
(189, 19, 'manual', NULL, NULL, 'garam', 1, 'gram'),
(190, 19, 'manual', NULL, NULL, 'gula', 1, 'gram'),
(191, 19, 'manual', NULL, NULL, 'penyedap', 1, 'gram'),
(192, 19, 'manual', NULL, NULL, 'tahu', 55, 'gram'),
(193, 20, 'manual', NULL, NULL, 'spagetti', 100, 'gram'),
(194, 20, 'manual', NULL, NULL, 'daging cincang', 20, 'gram'),
(195, 20, 'manual', NULL, NULL, 'bawang merah', 10, 'gram'),
(196, 20, 'manual', NULL, NULL, 'bawang putih', 10, 'gram'),
(197, 20, 'manual', NULL, NULL, 'bawang bombay', 10, 'gram'),
(198, 20, 'manual', NULL, NULL, 'wortel', 20, 'gram'),
(199, 20, 'manual', NULL, NULL, 'saos tomat', 20, 'gram'),
(200, 20, 'manual', NULL, NULL, 'saos sambal', 20, 'gram'),
(201, 20, 'manual', NULL, NULL, 'oregano', 5, 'gram'),
(202, 20, 'manual', NULL, NULL, 'demiglase', 5, 'gram'),
(203, 20, 'manual', NULL, NULL, 'bayleaf', 2, 'gram'),
(204, 20, 'manual', NULL, NULL, 'lada', 1, 'gram'),
(205, 20, 'manual', NULL, NULL, 'air', 100, 'ml'),
(206, 20, 'manual', NULL, NULL, 'wortel', 20, 'gram'),
(207, 20, 'manual', NULL, NULL, 'buncis', 20, 'gram'),
(208, 20, 'manual', NULL, NULL, 'jagung', 20, 'gram'),
(209, 20, 'manual', NULL, NULL, 'tahu pong', 25, 'gram'),
(210, 20, 'manual', NULL, NULL, 'tepung terigu', 20, 'gram'),
(211, 20, 'manual', NULL, NULL, 'tepung beras', 5, 'gram'),
(212, 20, 'manual', NULL, NULL, 'tepung maizena', 5, 'gram'),
(213, 20, 'manual', NULL, NULL, 'penyedap', 2, 'gram'),
(214, 20, 'manual', NULL, NULL, 'air', 50, 'ml'),
(215, 21, 'manual', NULL, NULL, 'Beras', 100, 'gram'),
(216, 21, 'manual', NULL, NULL, 'Ayam paha fillet', 70, 'gram'),
(217, 21, 'manual', NULL, NULL, 'Bawang putih', 2, 'gram'),
(218, 21, 'manual', NULL, NULL, 'Bawang bombay', 3, 'gram'),
(219, 21, 'manual', NULL, NULL, 'Jahe', 2, 'gram'),
(220, 21, 'manual', NULL, NULL, 'Daun salam', 2, 'lembar'),
(221, 21, 'manual', NULL, NULL, 'Serai', 2, 'gram'),
(222, 21, 'manual', NULL, NULL, 'Garam', 2, 'gram'),
(223, 21, 'manual', NULL, NULL, 'penyedap rasa royco', 2, 'gram'),
(224, 21, 'manual', NULL, NULL, 'Gula pasir', 2, 'gram'),
(225, 21, 'manual', NULL, NULL, 'Kecap manis', 10, 'gram'),
(226, 21, 'manual', NULL, NULL, 'Tahu', 50, 'gram'),
(227, 21, 'manual', NULL, NULL, 'Garam', 1, 'gram'),
(228, 21, 'manual', NULL, NULL, 'Bawang putih', 1, 'gram'),
(229, 21, 'manual', NULL, NULL, 'penyedap rasa royco', 1, 'gram'),
(230, 21, 'manual', NULL, NULL, 'Wortel', 20, 'gram'),
(231, 21, 'manual', NULL, NULL, 'Sawi Hijau', 25, 'gram'),
(232, 21, 'manual', NULL, NULL, 'Bawang putih', 2, 'gram'),
(233, 21, 'manual', NULL, NULL, 'Gula pasir', 1, 'gram'),
(234, 21, 'manual', NULL, NULL, 'penyedap rasa royco', 1, 'gram'),
(235, 21, 'manual', NULL, NULL, 'Garam', 1, 'gram'),
(236, 21, 'manual', NULL, NULL, 'Jeruk', 80, 'gram'),
(237, 22, 'manual', NULL, NULL, 'Beras', 100, 'gram'),
(238, 22, 'manual', NULL, NULL, 'ikan kakap fillet', 45, 'gram'),
(239, 22, 'manual', NULL, NULL, 'tepung terigu', 10, 'gram'),
(240, 22, 'manual', NULL, NULL, 'tepung panir', 15, 'gram'),
(241, 22, 'manual', NULL, NULL, 'telur ayam', 10, 'gram'),
(242, 22, 'manual', NULL, NULL, 'penyedap rasa royco', 1, 'gram'),
(243, 22, 'manual', NULL, NULL, 'Garam', 1, 'gram'),
(244, 22, 'manual', NULL, NULL, 'Tempe', 40, 'gram'),
(245, 22, 'manual', NULL, NULL, 'garam', 1, 'gram'),
(246, 22, 'manual', NULL, NULL, 'penyedap rasa royco', 1, 'gram'),
(247, 22, 'manual', NULL, NULL, 'bawang putih', 1, 'gram'),
(248, 22, 'manual', NULL, NULL, 'ketumbar', 1, 'gram'),
(249, 22, 'manual', NULL, NULL, 'selada', 6, 'gram'),
(250, 22, 'manual', NULL, NULL, 'timun', 15, 'gram'),
(251, 22, 'manual', NULL, NULL, 'Anggur Merah', 40, 'gram'),
(252, 23, 'manual', NULL, NULL, 'Beras', 100, 'gram'),
(253, 23, 'manual', NULL, NULL, 'telur ayam', 55, 'gram'),
(254, 23, 'manual', NULL, NULL, 'bawang putih', 2, 'gram'),
(255, 23, 'manual', NULL, NULL, 'bawang bombay', 3, 'gram'),
(256, 23, 'manual', NULL, NULL, 'gula pasir', 2, 'gram'),
(257, 23, 'manual', NULL, NULL, 'garam', 1, 'gram'),
(258, 23, 'manual', NULL, NULL, 'penyedap rasa royco', 1, 'gram'),
(259, 23, 'manual', NULL, NULL, 'saus tomat', 10, 'gram'),
(260, 23, 'manual', NULL, NULL, 'Tahu', 50, 'gram'),
(261, 23, 'manual', NULL, NULL, 'daun bawang', 2, 'gram'),
(262, 23, 'manual', NULL, NULL, 'telur ayam', 10, 'gram'),
(263, 23, 'manual', NULL, NULL, 'penyedap rasa royco', 1, 'gram'),
(264, 23, 'manual', NULL, NULL, 'garam', 1, 'gram'),
(265, 23, 'manual', NULL, NULL, 'tepung terigu', 5, 'gram'),
(266, 23, 'manual', NULL, NULL, 'wortel', 20, 'gram'),
(267, 23, 'manual', NULL, NULL, 'labu siam', 25, 'gram'),
(268, 23, 'manual', NULL, NULL, 'bawang putih', 2, 'gram'),
(269, 23, 'manual', NULL, NULL, 'penyedap rasa royco', 1, 'gram'),
(270, 23, 'manual', NULL, NULL, 'gula pasir', 1, 'gram'),
(271, 23, 'manual', NULL, NULL, 'garam', 1, 'gram'),
(272, 23, 'manual', NULL, NULL, 'Kelengkeng', 45, 'gram'),
(273, 24, 'manual', NULL, NULL, 'Beras', 100, 'gram'),
(274, 24, 'manual', NULL, NULL, 'Ayam paha fillet', 70, 'gram'),
(275, 24, 'manual', NULL, NULL, 'Tepung terigu', 20, 'gram'),
(276, 24, 'manual', NULL, NULL, 'telur ayam', 10, 'gram'),
(277, 24, 'manual', NULL, NULL, 'bawang putih', 2, 'gram'),
(278, 24, 'manual', NULL, NULL, 'minyak wijen', 2, 'gram'),
(279, 24, 'manual', NULL, NULL, 'penyedap rasa royco', 2, 'gram'),
(280, 24, 'manual', NULL, NULL, 'garam', 1, 'gram'),
(281, 24, 'manual', NULL, NULL, 'Tahu', 50, 'gram'),
(282, 24, 'manual', NULL, NULL, 'daun bawang', 2, 'gram'),
(283, 24, 'manual', NULL, NULL, 'telur ayam', 10, 'gram'),
(284, 24, 'manual', NULL, NULL, 'penyedap rasa royco', 1, 'gram'),
(285, 24, 'manual', NULL, NULL, 'garam', 1, 'gram'),
(286, 24, 'manual', NULL, NULL, 'tepung terigu', 5, 'gram'),
(287, 24, 'manual', NULL, NULL, 'Tempe', 40, 'gram'),
(288, 24, 'manual', NULL, NULL, 'tepung terigu', 10, 'gram'),
(289, 24, 'manual', NULL, NULL, 'bawang putih', 2, 'gram'),
(290, 24, 'manual', NULL, NULL, 'kunyit', 1, 'gram'),
(291, 24, 'manual', NULL, NULL, 'penyedap rasa royco', 1, 'gram'),
(292, 24, 'manual', NULL, NULL, 'garam', 1, 'gram'),
(293, 24, 'manual', NULL, NULL, 'wortel', 20, 'gram'),
(294, 24, 'manual', NULL, NULL, 'buncis', 25, 'gram'),
(295, 24, 'manual', NULL, NULL, 'garam', 2, 'gram'),
(296, 24, 'manual', NULL, NULL, 'Pisang Ambon', 100, 'gram'),
(297, 25, 'manual', NULL, NULL, 'Kentang', 100, 'gram'),
(298, 25, 'manual', NULL, NULL, 'penyedap rasa royco', 1, 'gram'),
(299, 25, 'manual', NULL, NULL, 'garam', 1, 'gram'),
(300, 25, 'manual', NULL, NULL, 'ayam paha fillet', 70, 'gram'),
(301, 25, 'manual', NULL, NULL, 'bawang putih', 2, 'gram'),
(302, 25, 'manual', NULL, NULL, 'minyak wijen', 2, 'gram'),
(303, 25, 'manual', NULL, NULL, 'jahe', 2, 'gram'),
(304, 25, 'manual', NULL, NULL, 'penyedap rasa royco', 2, 'gram'),
(305, 25, 'manual', NULL, NULL, 'kecap manis', 10, 'gram'),
(306, 25, 'manual', NULL, NULL, 'saus tiram', 5, 'gram'),
(307, 25, 'manual', NULL, NULL, 'garam', 1, 'gram'),
(308, 25, 'manual', NULL, NULL, 'Kacang panjang', 15, 'gram'),
(309, 25, 'manual', NULL, NULL, 'wortel', 10, 'gram'),
(310, 25, 'manual', NULL, NULL, 'jagung', 15, 'gram'),
(311, 25, 'manual', NULL, NULL, 'garam', 1, 'gram'),
(312, 25, 'manual', NULL, NULL, 'penyedap rasa royco', 1, 'gram'),
(313, 25, 'manual', NULL, NULL, 'bawang putih', 2, 'gram'),
(314, 25, 'manual', NULL, NULL, 'Jeruk', 100, 'gram'),
(315, 25, 'manual', NULL, NULL, 'Yakult Less Sugar', 65, 'ml'),
(316, 26, 'manual', NULL, NULL, 'Beras', 100, 'gram'),
(317, 26, 'manual', NULL, NULL, 'Baso sapi', 50, 'gram'),
(318, 26, 'manual', NULL, NULL, 'bawang putih', 2, 'gram'),
(319, 26, 'manual', NULL, NULL, 'bawang bombay', 4, 'gram'),
(320, 26, 'manual', NULL, NULL, 'daun bawang', 2, 'gram'),
(321, 26, 'manual', NULL, NULL, 'gula pasir', 2, 'gram'),
(322, 26, 'manual', NULL, NULL, 'penyedap rasa royco', 2, 'gram'),
(323, 26, 'manual', NULL, NULL, 'garam', 1, 'gram'),
(324, 26, 'manual', NULL, NULL, 'saus tomat', 15, 'gram'),
(325, 26, 'manual', NULL, NULL, 'Tahu', 50, 'gram'),
(326, 26, 'manual', NULL, NULL, 'Telur ayam', 10, 'gram'),
(327, 26, 'manual', NULL, NULL, 'Tepung Terigu', 10, 'gram'),
(328, 26, 'manual', NULL, NULL, 'Daun Seledri', 5, 'gram'),
(329, 26, 'manual', NULL, NULL, 'Bawang Putih', 2, 'gram'),
(330, 26, 'manual', NULL, NULL, 'Merica', 2, 'gram'),
(331, 26, 'manual', NULL, NULL, 'penyedap rasa royco', 2, 'gram'),
(332, 26, 'manual', NULL, NULL, 'garam', 1, 'gram'),
(333, 26, 'manual', NULL, NULL, 'gula pasir', 2, 'gram'),
(334, 26, 'manual', NULL, NULL, 'Kembang kol', 25, 'gram'),
(335, 26, 'manual', NULL, NULL, 'Wortel', 25, 'gram'),
(336, 26, 'manual', NULL, NULL, 'Bawang Putih', 2, 'gram'),
(337, 26, 'manual', NULL, NULL, 'penyedap rasa royco', 2, 'gram'),
(338, 26, 'manual', NULL, NULL, 'garam', 1, 'gram'),
(339, 26, 'manual', NULL, NULL, 'gula pasir', 2, 'gram'),
(340, 26, 'manual', NULL, NULL, 'Kelengkeng', 45, 'gram'),
(341, 27, 'manual', NULL, NULL, 'Beras', 100, 'gram'),
(342, 27, 'manual', NULL, NULL, 'Kunyit', 5, 'gram'),
(343, 27, 'manual', NULL, NULL, 'bawang putih', 5, 'gram'),
(344, 27, 'manual', NULL, NULL, 'bawang merah', 5, 'gram'),
(345, 27, 'manual', NULL, NULL, 'pala', 2, 'gram'),
(346, 27, 'manual', NULL, NULL, 'kayu manis', 2, 'gram'),
(347, 27, 'manual', NULL, NULL, 'serai', 5, 'gram'),
(348, 27, 'manual', NULL, NULL, 'salam', 2, 'lembar'),
(349, 27, 'manual', NULL, NULL, 'bunga lawang', 2, 'gram'),
(350, 27, 'manual', NULL, NULL, 'daun jeruk', 2, 'lembar'),
(351, 27, 'manual', NULL, NULL, 'penyedap rasa royco', 4, 'gram'),
(352, 27, 'manual', NULL, NULL, 'garam', 1, 'gram'),
(353, 27, 'manual', NULL, NULL, 'ayam potong', 100, 'gram'),
(354, 27, 'manual', NULL, NULL, 'serai', 5, 'gram'),
(355, 27, 'manual', NULL, NULL, 'salam', 2, 'lembar'),
(356, 27, 'manual', NULL, NULL, 'bawang putih', 2, 'gram'),
(357, 27, 'manual', NULL, NULL, 'garam', 5, 'gram'),
(358, 27, 'manual', NULL, NULL, 'Tempe', 50, 'gram'),
(359, 27, 'manual', NULL, NULL, 'lengkuas', 4, 'gram'),
(360, 27, 'manual', NULL, NULL, 'bawang putih', 2, 'gram'),
(361, 27, 'manual', NULL, NULL, 'bawang merah', 2, 'gram'),
(362, 27, 'manual', NULL, NULL, 'daun salam', 2, 'lembar'),
(363, 27, 'manual', NULL, NULL, 'serai', 4, 'gram'),
(364, 27, 'manual', NULL, NULL, 'gula merah', 10, 'gram'),
(365, 27, 'manual', NULL, NULL, 'kecap manis', 10, 'gram'),
(366, 27, 'manual', NULL, NULL, 'penyedap rasa royco', 4, 'gram'),
(367, 27, 'manual', NULL, NULL, 'garam', 2, 'gram'),
(368, 27, 'manual', NULL, NULL, 'Selada', 6, 'gram'),
(369, 27, 'manual', NULL, NULL, 'Timun', 15, 'gram'),
(370, 27, 'manual', NULL, NULL, 'Jeruk', 80, 'gram'),
(371, 28, 'manual', NULL, NULL, 'Beras', 100, 'gram'),
(372, 28, 'manual', NULL, NULL, 'ikan kakap fillet', 50, 'gram'),
(373, 28, 'manual', NULL, NULL, 'Tepung Terigu', 15, 'gram'),
(374, 28, 'manual', NULL, NULL, 'Telur ayam', 10, 'gram'),
(375, 28, 'manual', NULL, NULL, 'garam', 1, 'gram'),
(376, 28, 'manual', NULL, NULL, 'penyedap rasa royco', 2, 'gram'),
(377, 28, 'manual', NULL, NULL, 'Tomat', 10, 'gram'),
(378, 28, 'manual', NULL, NULL, 'bawang merah', 3, 'gram'),
(379, 28, 'manual', NULL, NULL, 'Bawang Putih', 2, 'gram'),
(380, 28, 'manual', NULL, NULL, 'cabai merah besar', 5, 'gram'),
(381, 28, 'manual', NULL, NULL, 'bawang bombay', 4, 'gram'),
(382, 28, 'manual', NULL, NULL, 'daun bawang', 2, 'gram'),
(383, 28, 'manual', NULL, NULL, 'gula pasir', 2, 'gram'),
(384, 28, 'manual', NULL, NULL, 'penyedap rasa royco', 2, 'gram'),
(385, 28, 'manual', NULL, NULL, 'garam', 1, 'gram'),
(386, 28, 'manual', NULL, NULL, 'Tahu', 50, 'gram'),
(387, 28, 'manual', NULL, NULL, 'Bawang Putih', 2, 'gram'),
(388, 28, 'manual', NULL, NULL, 'penyedap rasa royco', 2, 'gram'),
(389, 28, 'manual', NULL, NULL, 'garam', 1, 'gram'),
(390, 28, 'manual', NULL, NULL, 'Wortel', 25, 'gram'),
(391, 28, 'manual', NULL, NULL, 'Sawi Hijau', 30, 'gram'),
(392, 28, 'manual', NULL, NULL, 'Bawang Putih', 2, 'gram'),
(393, 28, 'manual', NULL, NULL, 'penyedap rasa royco', 2, 'gram'),
(394, 28, 'manual', NULL, NULL, 'garam', 2, 'gram'),
(395, 28, 'manual', NULL, NULL, 'gula pasir', 2, 'gram'),
(396, 28, 'manual', NULL, NULL, 'Pisang Ambon', 100, 'gram'),
(397, 29, 'manual', NULL, NULL, 'Beras', 100, 'gram'),
(398, 29, 'manual', NULL, NULL, 'Telur ayam', 55, 'gram'),
(399, 29, 'manual', NULL, NULL, 'Bawang merah', 4, 'gram'),
(400, 29, 'manual', NULL, NULL, 'Bawang putih', 2, 'gram'),
(401, 29, 'manual', NULL, NULL, 'cabai merah besar', 10, 'gram'),
(402, 29, 'manual', NULL, NULL, 'tomat', 10, 'gram'),
(403, 29, 'manual', NULL, NULL, 'gula pasir', 8, 'gram'),
(404, 29, 'manual', NULL, NULL, 'penyedap rasa royco', 5, 'gram'),
(405, 29, 'manual', NULL, NULL, 'garam', 2, 'gram'),
(406, 29, 'manual', NULL, NULL, 'Tempe', 40, 'gram'),
(407, 29, 'manual', NULL, NULL, 'Tepung Terigu', 10, 'gram'),
(408, 29, 'manual', NULL, NULL, 'Bawang putih', 2, 'gram'),
(409, 29, 'manual', NULL, NULL, 'Kunyit', 2, 'gram'),
(410, 29, 'manual', NULL, NULL, 'penyedap rasa royco', 4, 'gram'),
(411, 29, 'manual', NULL, NULL, 'garam', 1, 'gram'),
(412, 29, 'manual', NULL, NULL, 'Wortel', 25, 'gram'),
(413, 29, 'manual', NULL, NULL, 'Labu siam', 25, 'gram'),
(414, 29, 'manual', NULL, NULL, 'garam', 4, 'gram'),
(415, 29, 'manual', NULL, NULL, 'Anggur Merah', 40, 'gram'),
(416, 30, 'manual', NULL, NULL, 'Mie Telur', 100, 'gram'),
(417, 30, 'manual', NULL, NULL, 'Ayam cincang', 55, 'gram'),
(418, 30, 'manual', NULL, NULL, 'Bawang merah', 5, 'gram'),
(419, 30, 'manual', NULL, NULL, 'Bawang Putih', 4, 'gram'),
(420, 30, 'manual', NULL, NULL, 'Kemiri', 4, 'gram'),
(421, 30, 'manual', NULL, NULL, 'Lengkuas', 5, 'gram'),
(422, 30, 'manual', NULL, NULL, 'Jahe', 3, 'gram'),
(423, 30, 'manual', NULL, NULL, 'Serai', 4, 'gram'),
(424, 30, 'manual', NULL, NULL, 'Daun Salam', 2, 'lembar'),
(425, 30, 'manual', NULL, NULL, 'Daun jeruk', 2, 'lembar'),
(426, 30, 'manual', NULL, NULL, 'gula merah', 5, 'gram'),
(427, 30, 'manual', NULL, NULL, 'kecap manis', 10, 'gram'),
(428, 30, 'manual', NULL, NULL, 'penyedap rasa royco', 4, 'gram'),
(429, 30, 'manual', NULL, NULL, 'garam', 2, 'gram'),
(430, 30, 'manual', NULL, NULL, 'Sawi hijau', 20, 'gram'),
(431, 30, 'manual', NULL, NULL, 'Sawi putih', 25, 'gram'),
(432, 30, 'manual', NULL, NULL, 'Kelengkeng', 45, 'gram'),
(433, 30, 'manual', NULL, NULL, 'Yakult Less Sugar', 65, 'ml'),
(434, 31, 'manual', NULL, NULL, 'Beras', 100, 'gram'),
(435, 31, 'manual', NULL, NULL, 'Ayam dada fillet', 70, 'gram'),
(436, 31, 'manual', NULL, NULL, 'bawang putih', 2, 'gram'),
(437, 31, 'manual', NULL, NULL, 'minyak wijen', 2, 'gram'),
(438, 31, 'manual', NULL, NULL, 'garam', 1, 'gram'),
(439, 31, 'manual', NULL, NULL, 'penyedap rasa royco', 2, 'gram'),
(440, 31, 'manual', NULL, NULL, 'tepung terigu', 10, 'gram'),
(441, 31, 'manual', NULL, NULL, 'tepung panir', 15, 'gram'),
(442, 31, 'manual', NULL, NULL, 'telur ayam', 10, 'gram'),
(443, 31, 'manual', NULL, NULL, 'saus tomat sachet', 8, 'gram'),
(444, 31, 'manual', NULL, NULL, 'saus sambal sachet', 8, 'gram'),
(445, 31, 'manual', NULL, NULL, 'Tahu', 50, 'gram'),
(446, 31, 'manual', NULL, NULL, 'daun bawang', 2, 'gram'),
(447, 31, 'manual', NULL, NULL, 'telur ayam', 10, 'gram'),
(448, 31, 'manual', NULL, NULL, 'penyedap rasa royco', 1, 'gram'),
(449, 31, 'manual', NULL, NULL, 'garam', 1, 'gram'),
(450, 31, 'manual', NULL, NULL, 'tepung terigu', 5, 'gram'),
(451, 31, 'manual', NULL, NULL, 'Wortel', 25, 'gram'),
(452, 31, 'manual', NULL, NULL, 'kol', 25, 'gram'),
(453, 31, 'manual', NULL, NULL, 'mayo', 5, 'gram'),
(454, 31, 'manual', NULL, NULL, 'saus tomat', 3, 'gram'),
(455, 31, 'manual', NULL, NULL, 'susu kental manis', 3, 'gram'),
(456, 31, 'manual', NULL, NULL, 'gula pasir', 2, 'gram'),
(457, 31, 'manual', NULL, NULL, 'garam', 1, 'gram'),
(458, 31, 'manual', NULL, NULL, 'Jeruk', 45, 'gram'),
(459, 32, 'manual', NULL, NULL, 'Beras', 100, 'gram'),
(460, 32, 'manual', NULL, NULL, 'Telur ayam', 55, 'gram'),
(461, 32, 'manual', NULL, NULL, 'garam', 1, 'gram'),
(462, 32, 'manual', NULL, NULL, 'penyedap rasa royco', 1, 'gram'),
(463, 32, 'manual', NULL, NULL, 'tepung terigu', 5, 'gram'),
(464, 32, 'manual', NULL, NULL, 'daun bawang', 2, 'gram'),
(465, 32, 'manual', NULL, NULL, 'saus tomat', 10, 'gram'),
(466, 32, 'manual', NULL, NULL, 'saus inggris', 2, 'gram'),
(467, 32, 'manual', NULL, NULL, 'kecap asin', 2, 'gram'),
(468, 32, 'manual', NULL, NULL, 'bawang bombay', 2, 'gram'),
(469, 32, 'manual', NULL, NULL, 'bawang putih', 2, 'gram'),
(470, 32, 'manual', NULL, NULL, 'garam', 1, 'gram'),
(471, 32, 'manual', NULL, NULL, 'gula pasir', 2, 'gram'),
(472, 32, 'manual', NULL, NULL, 'penyedap rasa royco', 2, 'gram'),
(473, 32, 'manual', NULL, NULL, 'Tempe', 35, 'gram'),
(474, 32, 'manual', NULL, NULL, 'tepung terigu', 10, 'gram'),
(475, 32, 'manual', NULL, NULL, 'tepung panir', 15, 'gram'),
(476, 32, 'manual', NULL, NULL, 'telur ayam', 10, 'gram'),
(477, 32, 'manual', NULL, NULL, 'garam', 1, 'gram'),
(478, 32, 'manual', NULL, NULL, 'penyedap rasa royco', 2, 'gram'),
(479, 32, 'manual', NULL, NULL, 'Labusiam', 45, 'gram'),
(480, 32, 'manual', NULL, NULL, 'bawang putih', 2, 'gram'),
(481, 32, 'manual', NULL, NULL, 'bawang merah', 3, 'gram'),
(482, 32, 'manual', NULL, NULL, 'garam', 1, 'gram'),
(483, 32, 'manual', NULL, NULL, 'gula pasir', 2, 'gram'),
(484, 32, 'manual', NULL, NULL, 'penyedap rasa royco', 2, 'gram'),
(485, 32, 'manual', NULL, NULL, 'Anggur Merah', 45, 'gram'),
(486, 33, 'manual', NULL, NULL, 'Beras', 100, 'gram'),
(487, 33, 'manual', NULL, NULL, 'ayam potong', 100, 'gram'),
(488, 33, 'manual', NULL, NULL, 'bawang merah', 2, 'gram'),
(489, 33, 'manual', NULL, NULL, 'bawang putih', 2, 'gram'),
(490, 33, 'manual', NULL, NULL, 'lengkuas', 2, 'gram'),
(491, 33, 'manual', NULL, NULL, 'jahe', 2, 'gram'),
(492, 33, 'manual', NULL, NULL, 'air kelapa', 20, 'ml'),
(493, 33, 'manual', NULL, NULL, 'daun salam', 2, 'lembar'),
(494, 33, 'manual', NULL, NULL, 'sereh', 2, 'gram'),
(495, 33, 'manual', NULL, NULL, 'garam', 1, 'gram'),
(496, 33, 'manual', NULL, NULL, 'penyedap rasa royco', 2, 'gram'),
(497, 33, 'manual', NULL, NULL, 'gula merah', 3, 'gram'),
(498, 33, 'manual', NULL, NULL, 'daun jeruk', 1, 'lembar'),
(499, 33, 'manual', NULL, NULL, 'kecap manis', 5, 'gram'),
(500, 33, 'manual', NULL, NULL, 'Tahu', 50, 'gram'),
(501, 33, 'manual', NULL, NULL, 'Garam', 1, 'gram'),
(502, 33, 'manual', NULL, NULL, 'Bawang putih', 1, 'gram'),
(503, 33, 'manual', NULL, NULL, 'penyedap rasa royco', 1, 'gram'),
(504, 33, 'manual', NULL, NULL, 'Timun', 25, 'gram'),
(505, 33, 'manual', NULL, NULL, 'Wortel', 25, 'gram'),
(506, 33, 'manual', NULL, NULL, 'cuka', 2, 'gram'),
(507, 33, 'manual', NULL, NULL, 'garam', 1, 'gram'),
(508, 33, 'manual', NULL, NULL, 'gula pasir', 2, 'gram'),
(509, 33, 'manual', NULL, NULL, 'Kelengkeng', 45, 'gram'),
(510, 34, 'manual', NULL, NULL, 'Beras', 100, 'gram'),
(511, 34, 'manual', NULL, NULL, 'Ikan lele', 80, 'gram'),
(512, 34, 'manual', NULL, NULL, 'tepung tapioka', 10, 'gram'),
(513, 34, 'manual', NULL, NULL, 'tepung beras', 5, 'gram'),
(514, 34, 'manual', NULL, NULL, 'bawang putih', 2, 'gram'),
(515, 34, 'manual', NULL, NULL, 'jahe', 2, 'gram'),
(516, 34, 'manual', NULL, NULL, 'kunyit', 2, 'gram'),
(517, 34, 'manual', NULL, NULL, 'garam', 1, 'gram'),
(518, 34, 'manual', NULL, NULL, 'penyedap rasa royco', 2, 'gram'),
(519, 34, 'manual', NULL, NULL, 'Tempe', 40, 'gram'),
(520, 34, 'manual', NULL, NULL, 'tepung tapioka', 10, 'gram'),
(521, 34, 'manual', NULL, NULL, 'tepung beras', 5, 'gram'),
(522, 34, 'manual', NULL, NULL, 'garam', 1, 'gram'),
(523, 34, 'manual', NULL, NULL, 'penyedap rasa royco', 2, 'gram'),
(524, 34, 'manual', NULL, NULL, 'Pakcoy', 40, 'gram'),
(525, 34, 'manual', NULL, NULL, 'bawang putih', 2, 'gram'),
(526, 34, 'manual', NULL, NULL, 'saus tiram', 5, 'gram'),
(527, 34, 'manual', NULL, NULL, 'penyedap rasa royco', 2, 'gram'),
(528, 34, 'manual', NULL, NULL, 'garam', 1, 'gram'),
(529, 34, 'manual', NULL, NULL, 'gula pasir', 2, 'gram'),
(530, 34, 'manual', NULL, NULL, 'tepung maizena', 2, 'gram'),
(531, 34, 'manual', NULL, NULL, 'Jeruk', 80, 'gram'),
(532, 35, 'manual', NULL, NULL, 'Spageti', 75, 'gram'),
(533, 35, 'manual', NULL, NULL, 'Daging sapi giling', 35, 'gram'),
(534, 35, 'manual', NULL, NULL, 'saus tomat', 15, 'gram'),
(535, 35, 'manual', NULL, NULL, 'Bawang Putih', 2, 'gram'),
(536, 35, 'manual', NULL, NULL, 'bawang bombay', 2, 'gram'),
(537, 35, 'manual', NULL, NULL, 'saus demiglace', 5, 'gram'),
(538, 35, 'manual', NULL, NULL, 'wortel', 5, 'gram'),
(539, 35, 'manual', NULL, NULL, 'oregano', 2, 'gram'),
(540, 35, 'manual', NULL, NULL, 'daun parsley', 1, 'gram'),
(541, 35, 'manual', NULL, NULL, 'lada bubuk', 1, 'gram'),
(542, 35, 'manual', NULL, NULL, 'garam', 1, 'gram'),
(543, 35, 'manual', NULL, NULL, 'penyedap rasa royco', 2, 'gram'),
(544, 35, 'manual', NULL, NULL, 'gula pasir', 2, 'gram'),
(545, 35, 'manual', NULL, NULL, 'Kol', 25, 'gram'),
(546, 35, 'manual', NULL, NULL, 'wortel', 20, 'gram'),
(547, 35, 'manual', NULL, NULL, 'bawang putih', 2, 'gram'),
(548, 35, 'manual', NULL, NULL, 'bawang merah', 2, 'gram'),
(549, 35, 'manual', NULL, NULL, 'garam', 1, 'gram'),
(550, 35, 'manual', NULL, NULL, 'gula pasir', 2, 'gram'),
(551, 35, 'manual', NULL, NULL, 'penyedap rasa royco', 2, 'gram'),
(552, 35, 'manual', NULL, NULL, 'Anggur Merah', 40, 'gram'),
(553, 35, 'manual', NULL, NULL, 'Yakult Less Sugar', 65, 'ml'),
(554, 36, 'manual', NULL, NULL, 'Beras', 100, 'gram'),
(555, 36, 'manual', NULL, NULL, 'Ayam potong', 60, 'gram'),
(556, 36, 'manual', NULL, NULL, 'Jahe', 2, 'gram'),
(557, 36, 'manual', NULL, NULL, 'lengkuas', 2, 'gram'),
(558, 36, 'manual', NULL, NULL, 'bawang merah', 5, 'gram'),
(559, 36, 'manual', NULL, NULL, 'Bawang putih', 5, 'gram'),
(560, 36, 'manual', NULL, NULL, 'kemiri', 3, 'gram'),
(561, 36, 'manual', NULL, NULL, 'daun salam', 2, 'lembar'),
(562, 36, 'manual', NULL, NULL, 'sereh', 2, 'gram'),
(563, 36, 'manual', NULL, NULL, 'kunyit', 2, 'gram'),
(564, 36, 'manual', NULL, NULL, 'lada bubuk', 1, 'gram'),
(565, 36, 'manual', NULL, NULL, 'garam', 1, 'gram'),
(566, 36, 'manual', NULL, NULL, 'penyedap rasa royco', 1, 'gram'),
(567, 36, 'manual', NULL, NULL, 'gula merah', 1, 'gram'),
(568, 36, 'manual', NULL, NULL, 'Gula pasir', 1, 'gram'),
(569, 36, 'manual', NULL, NULL, 'kecap', 10, 'gram'),
(570, 36, 'manual', NULL, NULL, 'santan', 5, 'ml'),
(571, 36, 'manual', NULL, NULL, 'bawang bombay', 5, 'gram'),
(572, 36, 'manual', NULL, NULL, 'kayu manis', 3, 'gram'),
(573, 36, 'manual', NULL, NULL, 'Tahu', 50, 'gram'),
(574, 36, 'manual', NULL, NULL, 'garam', 1, 'gram'),
(575, 36, 'manual', NULL, NULL, 'penyedap rasa royco', 1, 'gram'),
(576, 36, 'manual', NULL, NULL, 'bawang putih', 2, 'gram'),
(577, 36, 'manual', NULL, NULL, 'Wortel', 5, 'gram'),
(578, 36, 'manual', NULL, NULL, 'Bunga kol', 5, 'gram'),
(579, 36, 'manual', NULL, NULL, 'Jagung Putren', 5, 'gram'),
(580, 36, 'manual', NULL, NULL, 'Sawi Putih', 10, 'gram'),
(581, 36, 'manual', NULL, NULL, 'Caisim', 10, 'gram'),
(582, 36, 'manual', NULL, NULL, 'Bawang bombay', 5, 'gram'),
(583, 36, 'manual', NULL, NULL, 'bawang putih', 5, 'gram'),
(584, 36, 'manual', NULL, NULL, 'lada bubuk', 1, 'gram'),
(585, 36, 'manual', NULL, NULL, 'garam', 1, 'gram'),
(586, 36, 'manual', NULL, NULL, 'penyedap rasa royco', 1, 'gram'),
(587, 36, 'manual', NULL, NULL, 'Gula pasir', 1, 'gram'),
(588, 36, 'manual', NULL, NULL, 'kecap inggris', 2, 'gram'),
(589, 36, 'manual', NULL, NULL, 'Jeruk', 80, 'gram'),
(590, 37, 'manual', NULL, NULL, 'Beras', 100, 'gram'),
(591, 37, 'manual', NULL, NULL, 'udang', 40, 'gram'),
(592, 37, 'manual', NULL, NULL, 'tepung terigu', 30, 'gram'),
(593, 37, 'manual', NULL, NULL, 'tepung tapioka', 10, 'gram'),
(594, 37, 'manual', NULL, NULL, 'lada bubuk', 1, 'gram'),
(595, 37, 'manual', NULL, NULL, 'garam', 1, 'gram'),
(596, 37, 'manual', NULL, NULL, 'penyedap rasa royco', 1, 'gram'),
(597, 37, 'manual', NULL, NULL, 'jeruk nipis', 2, 'gram'),
(598, 37, 'manual', NULL, NULL, 'Kacang merah', 13, 'gram'),
(599, 37, 'manual', NULL, NULL, 'Wortel', 3, 'gram'),
(600, 37, 'manual', NULL, NULL, 'Kentang', 3, 'gram'),
(601, 37, 'manual', NULL, NULL, 'Daun bawang', 2, 'gram'),
(602, 37, 'manual', NULL, NULL, 'lada bubuk', 1, 'gram'),
(603, 37, 'manual', NULL, NULL, 'penyedap rasa royco', 1, 'gram'),
(604, 37, 'manual', NULL, NULL, 'garam', 1, 'gram'),
(605, 37, 'manual', NULL, NULL, 'bawang merah', 5, 'gram'),
(606, 37, 'manual', NULL, NULL, 'bawang putih', 5, 'gram'),
(607, 37, 'manual', NULL, NULL, 'Kacang panjang', 15, 'gram'),
(608, 37, 'manual', NULL, NULL, 'Cabai merah besar', 5, 'gram'),
(609, 37, 'manual', NULL, NULL, 'Bawang merah', 5, 'gram'),
(610, 37, 'manual', NULL, NULL, 'Bawang putih', 5, 'gram'),
(611, 37, 'manual', NULL, NULL, 'Bawang bombay', 5, 'gram'),
(612, 37, 'manual', NULL, NULL, 'wortel', 5, 'gram'),
(613, 37, 'manual', NULL, NULL, 'garam', 1, 'gram'),
(614, 37, 'manual', NULL, NULL, 'penyedap rasa royco', 1, 'gram'),
(615, 37, 'manual', NULL, NULL, 'Gula pasir', 1, 'gram'),
(616, 37, 'manual', NULL, NULL, 'kecap inggris', 2, 'gram'),
(617, 37, 'manual', NULL, NULL, 'Semangka', 110, 'gram'),
(618, 38, 'manual', NULL, NULL, 'Beras', 100, 'gram'),
(619, 38, 'manual', NULL, NULL, 'ayam potong', 60, 'gram'),
(620, 38, 'manual', NULL, NULL, 'tepung terigu', 20, 'gram'),
(621, 38, 'manual', NULL, NULL, 'tepung tapioka', 10, 'gram'),
(622, 38, 'manual', NULL, NULL, 'lada bubuk', 1, 'gram'),
(623, 38, 'manual', NULL, NULL, 'garam', 2, 'gram'),
(624, 38, 'manual', NULL, NULL, 'penyedap rasa royco', 2, 'gram'),
(625, 38, 'manual', NULL, NULL, 'tempe', 40, 'gram'),
(626, 38, 'manual', NULL, NULL, 'bawang putih', 2, 'gram'),
(627, 38, 'manual', NULL, NULL, 'garam', 1, 'gram'),
(628, 38, 'manual', NULL, NULL, 'penyedap rasa royco', 1, 'gram'),
(629, 38, 'manual', NULL, NULL, 'sawi putih', 20, 'gram'),
(630, 38, 'manual', NULL, NULL, 'wortel', 5, 'gram'),
(631, 38, 'manual', NULL, NULL, 'cabe merah', 5, 'gram'),
(632, 38, 'manual', NULL, NULL, 'bawang bombay', 3, 'gram'),
(633, 38, 'manual', NULL, NULL, 'bawang putih', 5, 'gram'),
(634, 38, 'manual', NULL, NULL, 'lengkuas', 3, 'gram'),
(635, 38, 'manual', NULL, NULL, 'garam', 2, 'gram'),
(636, 38, 'manual', NULL, NULL, 'Gula pasir', 1, 'gram'),
(637, 38, 'manual', NULL, NULL, 'penyedap rasa royco', 1, 'gram'),
(638, 38, 'manual', NULL, NULL, 'kecap inggris', 2, 'gram'),
(639, 38, 'manual', NULL, NULL, 'daun salam', 2, 'lembar'),
(640, 38, 'manual', NULL, NULL, 'Melon', 80, 'gram'),
(641, 39, 'manual', NULL, NULL, 'Beras', 100, 'gram'),
(642, 39, 'manual', NULL, NULL, 'wortel', 2, 'gram'),
(643, 39, 'manual', NULL, NULL, 'buncis', 2, 'gram'),
(644, 39, 'manual', NULL, NULL, 'jagung manis', 2, 'gram'),
(645, 39, 'manual', NULL, NULL, 'kacang polong', 2, 'gram'),
(646, 39, 'manual', NULL, NULL, 'telur ayam', 55, 'gram'),
(647, 39, 'manual', NULL, NULL, 'bawang bombay', 2, 'gram'),
(648, 39, 'manual', NULL, NULL, 'bawang putih', 3, 'gram'),
(649, 39, 'manual', NULL, NULL, 'garam', 1, 'gram'),
(650, 39, 'manual', NULL, NULL, 'penyedap rasa royco', 1, 'gram'),
(651, 39, 'manual', NULL, NULL, 'Gula pasir', 1, 'gram'),
(652, 39, 'manual', NULL, NULL, 'kecap inggris', 2, 'gram'),
(653, 39, 'manual', NULL, NULL, 'Ayam potong', 60, 'gram'),
(654, 39, 'manual', NULL, NULL, 'kecap manis', 30, 'gram'),
(655, 39, 'manual', NULL, NULL, 'bawang merah', 5, 'gram'),
(656, 39, 'manual', NULL, NULL, 'bawang putih', 5, 'gram'),
(657, 39, 'manual', NULL, NULL, 'ketumbar', 2, 'gram'),
(658, 39, 'manual', NULL, NULL, 'garam', 1, 'gram'),
(659, 39, 'manual', NULL, NULL, 'gula merah', 3, 'gram'),
(660, 39, 'manual', NULL, NULL, 'penyedap rasa royco', 2, 'gram'),
(661, 39, 'manual', NULL, NULL, 'mentega', 5, 'gram'),
(662, 39, 'manual', NULL, NULL, 'saus tomat', 3, 'gram'),
(663, 39, 'manual', NULL, NULL, 'Tahu', 50, 'gram'),
(664, 39, 'manual', NULL, NULL, 'telur ayam', 55, 'gram'),
(665, 39, 'manual', NULL, NULL, 'bawang merah', 5, 'gram'),
(666, 39, 'manual', NULL, NULL, 'bawang putih', 5, 'gram'),
(667, 39, 'manual', NULL, NULL, 'lada bubuk', 1, 'gram'),
(668, 39, 'manual', NULL, NULL, 'garam', 1, 'gram'),
(669, 39, 'manual', NULL, NULL, 'penyedap rasa royco', 1, 'gram'),
(670, 39, 'manual', NULL, NULL, 'Tepung terigu', 3, 'gram'),
(671, 39, 'manual', NULL, NULL, 'Timun', 3, 'gram'),
(672, 39, 'manual', NULL, NULL, 'Wortel', 3, 'gram'),
(673, 39, 'manual', NULL, NULL, 'bawang merah', 2, 'gram'),
(674, 39, 'manual', NULL, NULL, 'cabe rawit', 2, 'gram'),
(675, 39, 'manual', NULL, NULL, 'cuka', 5, 'ml'),
(676, 39, 'manual', NULL, NULL, 'Gula pasir', 10, 'gram'),
(677, 39, 'manual', NULL, NULL, 'garam', 1, 'gram'),
(678, 39, 'manual', NULL, NULL, 'penyedap rasa royco', 1, 'gram'),
(679, 39, 'manual', NULL, NULL, 'Pepaya', 80, 'gram'),
(680, 40, 'manual', NULL, NULL, 'Beras', 100, 'gram'),
(681, 40, 'manual', NULL, NULL, 'Ayam fillet', 70, 'gram'),
(682, 40, 'manual', NULL, NULL, 'Tepung terigu', 10, 'gram'),
(683, 40, 'manual', NULL, NULL, 'tepung panir', 15, 'gram'),
(684, 40, 'manual', NULL, NULL, 'garam', 1, 'gram'),
(685, 40, 'manual', NULL, NULL, 'penyedap rasa royco', 1, 'gram'),
(686, 40, 'manual', NULL, NULL, 'saus tomat', 3, 'gram'),
(687, 40, 'manual', NULL, NULL, 'saus sambal', 2, 'gram'),
(688, 40, 'manual', NULL, NULL, 'bawang bombay', 5, 'gram'),
(689, 40, 'manual', NULL, NULL, 'bawang putih', 3, 'gram'),
(690, 40, 'manual', NULL, NULL, 'penyedap rasa royco', 1, 'gram'),
(691, 40, 'manual', NULL, NULL, 'cabe ijo besar', 3, 'gram'),
(692, 40, 'manual', NULL, NULL, 'cabe merah besar', 3, 'gram'),
(693, 40, 'manual', NULL, NULL, 'garam', 1, 'gram'),
(694, 40, 'manual', NULL, NULL, 'Gula pasir', 3, 'gram'),
(695, 40, 'manual', NULL, NULL, 'kecap inggris', 2, 'gram'),
(696, 40, 'manual', NULL, NULL, 'Brokoli', 15, 'gram'),
(697, 40, 'manual', NULL, NULL, 'wortel', 5, 'gram'),
(698, 40, 'manual', NULL, NULL, 'bawang bombay', 5, 'gram'),
(699, 40, 'manual', NULL, NULL, 'bawang putih', 3, 'gram'),
(700, 40, 'manual', NULL, NULL, 'cabe merah besar', 2, 'gram'),
(701, 40, 'manual', NULL, NULL, 'garam', 1, 'gram'),
(702, 40, 'manual', NULL, NULL, 'Gula pasir', 1, 'gram'),
(703, 40, 'manual', NULL, NULL, 'penyedap rasa royco', 1, 'gram'),
(704, 40, 'manual', NULL, NULL, 'kecap inggris', 2, 'gram'),
(705, 40, 'manual', NULL, NULL, 'tempe', 40, 'gram'),
(706, 40, 'manual', NULL, NULL, 'bawang putih', 2, 'gram'),
(707, 40, 'manual', NULL, NULL, 'garam', 1, 'gram'),
(708, 40, 'manual', NULL, NULL, 'penyedap rasa royco', 1, 'gram'),
(709, 40, 'manual', NULL, NULL, 'Pisang Ambon', 100, 'gram'),
(710, 41, 'manual', NULL, NULL, 'Ayam mentah (dengan tulang)', 90, 'gram'),
(711, 41, 'manual', NULL, NULL, 'Minyak goreng', 5, 'gram'),
(712, 41, 'manual', NULL, NULL, 'Bawang putih', 3, 'gram'),
(713, 41, 'manual', NULL, NULL, 'Bawang merah', 5, 'gram'),
(714, 41, 'manual', NULL, NULL, 'Ketumbar bubuk', 1, 'gram'),
(715, 41, 'manual', NULL, NULL, 'Kunyit segar', 1, 'gram'),
(716, 41, 'manual', NULL, NULL, 'Garam', 1, 'gram'),
(717, 41, 'manual', NULL, NULL, 'Gula', 1, 'gram'),
(718, 41, 'manual', NULL, NULL, 'Air', 20, 'ml'),
(719, 41, 'manual', NULL, NULL, 'Wortel', 30, 'gram'),
(720, 41, 'manual', NULL, NULL, 'Buncis', 30, 'gram'),
(721, 41, 'manual', NULL, NULL, 'Minyak tumis', 3, 'gram'),
(722, 41, 'manual', NULL, NULL, 'Bawang putih cincang', 2, 'gram'),
(723, 41, 'manual', NULL, NULL, 'Garam', 1, 'gram'),
(724, 41, 'manual', NULL, NULL, 'Gula', 0, 'gram'),
(725, 41, 'manual', NULL, NULL, 'Tempe', 40, 'gram'),
(726, 41, 'manual', NULL, NULL, 'Minyak goreng', 3, 'gram'),
(727, 41, 'manual', NULL, NULL, 'Bawang putih', 1, 'gram'),
(728, 41, 'manual', NULL, NULL, 'Garam', 1, 'gram'),
(729, 41, 'manual', NULL, NULL, 'Air', 10, 'ml'),
(730, 41, 'manual', NULL, NULL, 'Pisang', 1, 'buah'),
(731, 41, 'manual', NULL, NULL, 'Susu UHT', 1, 'kotak'),
(732, 42, 'manual', NULL, NULL, 'Ikan pindang', 90, 'gram'),
(733, 42, 'manual', NULL, NULL, 'Minyak balado', 5, 'gram'),
(734, 42, 'manual', NULL, NULL, 'Cabai merah besar', 5, 'gram'),
(735, 42, 'manual', NULL, NULL, 'Bawang merah', 6, 'gram'),
(736, 42, 'manual', NULL, NULL, 'Bawang putih', 2, 'gram'),
(737, 42, 'manual', NULL, NULL, 'Tomat', 10, 'gram'),
(738, 42, 'manual', NULL, NULL, 'Garam', 1, 'gram'),
(739, 42, 'manual', NULL, NULL, 'Gula', 1, 'gram'),
(740, 42, 'manual', NULL, NULL, 'Bayam', 40, 'gram'),
(741, 42, 'manual', NULL, NULL, 'Jagung manis pipil', 30, 'gram'),
(742, 42, 'manual', NULL, NULL, 'Air', 250, 'ml'),
(743, 42, 'manual', NULL, NULL, 'Bawang merah iris', 3, 'gram'),
(744, 42, 'manual', NULL, NULL, 'Temu kunci (opsional)', 2, 'gram'),
(745, 42, 'manual', NULL, NULL, 'Garam', 1, 'gram'),
(746, 42, 'manual', NULL, NULL, 'Gula', 0, 'gram'),
(747, 42, 'manual', NULL, NULL, 'Tahu', 50, 'gram'),
(748, 42, 'manual', NULL, NULL, 'Minyak goreng', 3, 'gram'),
(749, 42, 'manual', NULL, NULL, 'Garam', 1, 'gram'),
(750, 42, 'manual', NULL, NULL, 'Pepaya', 1, 'buah'),
(751, 43, 'manual', NULL, NULL, 'Telur ayam', 60, 'gram'),
(752, 43, 'manual', NULL, NULL, 'Wortel', 20, 'gram'),
(753, 43, 'manual', NULL, NULL, 'Daun bawang', 10, 'gram'),
(754, 43, 'manual', NULL, NULL, 'Minyak', 5, 'gram'),
(755, 43, 'manual', NULL, NULL, 'Bawang putih', 1, 'gram'),
(756, 43, 'manual', NULL, NULL, 'Garam', 1, 'gram'),
(757, 43, 'manual', NULL, NULL, 'Merica', 0, 'gram'),
(758, 43, 'manual', NULL, NULL, 'Kembang kol', 30, 'gram'),
(759, 43, 'manual', NULL, NULL, 'Wortel', 30, 'gram'),
(760, 43, 'manual', NULL, NULL, 'Cesim', 30, 'gram'),
(761, 43, 'manual', NULL, NULL, 'Daun bawang', 5, 'gram'),
(762, 43, 'manual', NULL, NULL, 'Air', 300, 'ml'),
(763, 43, 'manual', NULL, NULL, 'Bawang putih', 2, 'gram'),
(764, 43, 'manual', NULL, NULL, 'Bawang merah', 3, 'gram'),
(765, 43, 'manual', NULL, NULL, 'Garam', 1, 'gram'),
(766, 43, 'manual', NULL, NULL, 'Gula', 0, 'gram'),
(767, 43, 'manual', NULL, NULL, 'Merica', 0, 'gram'),
(768, 43, 'manual', NULL, NULL, 'Tempe', 40, 'gram'),
(769, 43, 'manual', NULL, NULL, 'Bawang putih', 2, 'gram'),
(770, 43, 'manual', NULL, NULL, 'Ketumbar bubuk', 0, 'gram'),
(771, 43, 'manual', NULL, NULL, 'Gula merah', 5, 'gram'),
(772, 43, 'manual', NULL, NULL, 'Garam', 1, 'gram'),
(773, 43, 'manual', NULL, NULL, 'Air', 30, 'ml'),
(774, 43, 'manual', NULL, NULL, 'Apel', 1, 'buah'),
(775, 44, 'manual', NULL, NULL, 'Ayam', 90, 'gram'),
(776, 44, 'manual', NULL, NULL, 'Minyak', 5, 'gram'),
(777, 44, 'manual', NULL, NULL, 'Bawang merah', 5, 'gram'),
(778, 44, 'manual', NULL, NULL, 'Bawang putih', 3, 'gram'),
(779, 44, 'manual', NULL, NULL, 'Kecap manis', 10, 'gram'),
(780, 44, 'manual', NULL, NULL, 'Garam', 1, 'gram'),
(781, 44, 'manual', NULL, NULL, 'Gula', 1, 'gram'),
(782, 44, 'manual', NULL, NULL, 'Air', 30, 'ml'),
(783, 44, 'manual', NULL, NULL, 'Wortel', 30, 'gram'),
(784, 44, 'manual', NULL, NULL, 'Sawi putih', 40, 'gram'),
(785, 44, 'manual', NULL, NULL, 'Daun bawang', 5, 'gram'),
(786, 44, 'manual', NULL, NULL, 'Minyak tumis', 3, 'gram'),
(787, 44, 'manual', NULL, NULL, 'Bawang putih', 3, 'gram'),
(788, 44, 'manual', NULL, NULL, 'Garam', 1, 'gram'),
(789, 44, 'manual', NULL, NULL, 'Gula', 0, 'gram'),
(790, 44, 'manual', NULL, NULL, 'Air', 50, 'ml'),
(791, 44, 'manual', NULL, NULL, 'Jeruk', 1, 'buah'),
(792, 45, 'manual', NULL, NULL, 'Ikan segar', 90, 'gram'),
(793, 45, 'manual', NULL, NULL, 'Minyak goreng', 5, 'gram'),
(794, 45, 'manual', NULL, NULL, 'Bawang putih', 2, 'gram'),
(795, 45, 'manual', NULL, NULL, 'Garam', 1, 'gram'),
(796, 45, 'manual', NULL, NULL, 'Air', 10, 'ml'),
(797, 45, 'manual', NULL, NULL, 'Labu siam', 40, 'gram'),
(798, 45, 'manual', NULL, NULL, 'Kacang panjang', 30, 'gram'),
(799, 45, 'manual', NULL, NULL, 'Terong', 30, 'gram'),
(800, 45, 'manual', NULL, NULL, 'Santan', 50, 'ml'),
(801, 45, 'manual', NULL, NULL, 'Air', 150, 'ml'),
(802, 45, 'manual', NULL, NULL, 'Bawang putih', 3, 'gram'),
(803, 45, 'manual', NULL, NULL, 'Bawang merah', 5, 'gram'),
(804, 45, 'manual', NULL, NULL, 'Kencur', 1, 'gram'),
(805, 45, 'manual', NULL, NULL, 'Garam', 1, 'gram'),
(806, 45, 'manual', NULL, NULL, 'Gula', 1, 'gram'),
(807, 45, 'manual', NULL, NULL, 'Tempe', 40, 'gram'),
(808, 45, 'manual', NULL, NULL, 'Melon', 1, 'buah'),
(809, 45, 'manual', NULL, NULL, 'Susu UHT', 1, 'kotak'),
(810, 46, 'manual', NULL, NULL, 'Roti siap saji', 60, 'gram'),
(811, 46, 'manual', NULL, NULL, 'Telur ayam mentah', 60, 'gram'),
(812, 46, 'manual', NULL, NULL, 'Air rebusan', 500, 'ml'),
(813, 47, 'manual', NULL, NULL, 'Beras', 75, 'gram'),
(814, 47, 'manual', NULL, NULL, 'Ayam', 100, 'gram'),
(815, 47, 'manual', NULL, NULL, 'Minyak Goreng', 5, 'gram'),
(816, 47, 'manual', NULL, NULL, 'Bawang Putih', 3, 'gram'),
(817, 47, 'manual', NULL, NULL, 'Bawang Merah', 5, 'gram'),
(818, 47, 'manual', NULL, NULL, 'Ketumbar Bubuk', 1, 'gram'),
(819, 47, 'manual', NULL, NULL, 'Kunyit', 1, 'gram'),
(820, 47, 'manual', NULL, NULL, 'Garam', 1, 'gram'),
(821, 47, 'manual', NULL, NULL, 'Gula', 1, 'gram'),
(822, 47, 'manual', NULL, NULL, 'Air', 20, 'ml'),
(823, 47, 'manual', NULL, NULL, 'Wortel', 30, 'gram'),
(824, 47, 'manual', NULL, NULL, 'Buncis', 30, 'gram'),
(825, 47, 'manual', NULL, NULL, 'Minyak Goreng', 3, 'gram'),
(826, 47, 'manual', NULL, NULL, 'Bawang Putih', 2, 'gram'),
(827, 47, 'manual', NULL, NULL, 'Garam', 1, 'gram'),
(828, 47, 'manual', NULL, NULL, 'Gula', 0, 'gram'),
(829, 47, 'manual', NULL, NULL, 'Tempe', 40, 'gram'),
(830, 47, 'manual', NULL, NULL, 'Minyak Goreng', 3, 'gram'),
(831, 47, 'manual', NULL, NULL, 'Bawang Putih', 1, 'gram'),
(832, 47, 'manual', NULL, NULL, 'Garam', 1, 'gram'),
(833, 47, 'manual', NULL, NULL, 'Air', 10, 'ml'),
(834, 47, 'manual', NULL, NULL, 'Pisang', 100, 'gram'),
(835, 47, 'manual', NULL, NULL, 'Susu UHT Kecil', 125, 'ml'),
(836, 48, 'manual', NULL, NULL, 'Beras', 75, 'gram'),
(837, 48, 'manual', NULL, NULL, 'Ikan Pindang', 90, 'gram'),
(838, 48, 'manual', NULL, NULL, 'Minyak', 5, 'gram'),
(839, 48, 'manual', NULL, NULL, 'Cabai Merah Besar', 5, 'gram'),
(840, 48, 'manual', NULL, NULL, 'Bawang Merah', 6, 'gram'),
(841, 48, 'manual', NULL, NULL, 'Bawang Putih', 2, 'gram'),
(842, 48, 'manual', NULL, NULL, 'Tomat', 10, 'gram'),
(843, 48, 'manual', NULL, NULL, 'Garam', 1, 'gram'),
(844, 48, 'manual', NULL, NULL, 'Gula', 1, 'gram'),
(845, 48, 'manual', NULL, NULL, 'Kacang Merah Kering', 30, 'gram'),
(846, 48, 'manual', NULL, NULL, 'Wortel', 20, 'gram'),
(847, 48, 'manual', NULL, NULL, 'Kentang', 30, 'gram'),
(848, 48, 'manual', NULL, NULL, 'Bawang Merah', 5, 'gram'),
(849, 48, 'manual', NULL, NULL, 'Bawang Putih', 3, 'gram'),
(850, 48, 'manual', NULL, NULL, 'Daun Bawang', 3, 'gram'),
(851, 48, 'manual', NULL, NULL, 'Seledri', 2, 'gram'),
(852, 48, 'manual', NULL, NULL, 'Garam', 1, 'gram'),
(853, 48, 'manual', NULL, NULL, 'Gula', 1, 'gram'),
(854, 48, 'manual', NULL, NULL, 'Merica Bubuk', 0, 'gram'),
(855, 48, 'manual', NULL, NULL, 'Minyak', 1, 'gram'),
(856, 48, 'manual', NULL, NULL, 'Air', 300, 'ml'),
(857, 48, 'manual', NULL, NULL, 'Tahu', 50, 'gram'),
(858, 48, 'manual', NULL, NULL, 'Minyak Goreng', 3, 'gram'),
(859, 48, 'manual', NULL, NULL, 'Garam', 1, 'gram'),
(860, 48, 'manual', NULL, NULL, 'Buah Pepaya', 50, 'gram'),
(861, 49, 'manual', NULL, NULL, 'Beras', 75, 'gram'),
(862, 49, 'manual', NULL, NULL, 'Telur', 60, 'gram'),
(863, 49, 'manual', NULL, NULL, 'Wortel', 20, 'gram'),
(864, 49, 'manual', NULL, NULL, 'Daun Bawang', 10, 'gram'),
(865, 49, 'manual', NULL, NULL, 'Minyak', 5, 'gram'),
(866, 49, 'manual', NULL, NULL, 'Bawang Putih', 1, 'gram'),
(867, 49, 'manual', NULL, NULL, 'Garam', 1, 'gram'),
(868, 49, 'manual', NULL, NULL, 'Merica', 0, 'gram'),
(869, 49, 'manual', NULL, NULL, 'Kembang Kol', 30, 'gram'),
(870, 49, 'manual', NULL, NULL, 'Wortel', 30, 'gram'),
(871, 49, 'manual', NULL, NULL, 'Cesim', 30, 'gram'),
(872, 49, 'manual', NULL, NULL, 'Daun Bawang', 5, 'gram'),
(873, 49, 'manual', NULL, NULL, 'Air', 300, 'ml'),
(874, 49, 'manual', NULL, NULL, 'Bawang Putih', 2, 'gram'),
(875, 49, 'manual', NULL, NULL, 'Bawang Merah', 3, 'gram'),
(876, 49, 'manual', NULL, NULL, 'Garam', 1, 'gram'),
(877, 49, 'manual', NULL, NULL, 'Gula', 0, 'gram'),
(878, 49, 'manual', NULL, NULL, 'Merica', 0, 'gram'),
(879, 49, 'manual', NULL, NULL, 'Tempe', 40, 'gram'),
(880, 49, 'manual', NULL, NULL, 'Bawang Putih', 2, 'gram'),
(881, 49, 'manual', NULL, NULL, 'Ketumbar Bubuk', 0, 'gram'),
(882, 49, 'manual', NULL, NULL, 'Gula Merah', 5, 'gram'),
(883, 49, 'manual', NULL, NULL, 'Garam', 1, 'gram'),
(884, 49, 'manual', NULL, NULL, 'Air', 30, 'ml'),
(885, 49, 'manual', NULL, NULL, 'Buah Apel', 100, 'gram'),
(886, 50, 'manual', NULL, NULL, 'Beras', 75, 'gram'),
(887, 50, 'manual', NULL, NULL, 'Ayam', 90, 'gram'),
(888, 50, 'manual', NULL, NULL, 'Minyak', 5, 'gram'),
(889, 50, 'manual', NULL, NULL, 'Bawang Merah', 5, 'gram'),
(890, 50, 'manual', NULL, NULL, 'Bawang Putih', 3, 'gram'),
(891, 50, 'manual', NULL, NULL, 'Kecap', 10, 'gram'),
(892, 50, 'manual', NULL, NULL, 'Garam', 1, 'gram'),
(893, 50, 'manual', NULL, NULL, 'Gula', 1, 'gram'),
(894, 50, 'manual', NULL, NULL, 'Air', 30, 'ml'),
(895, 50, 'manual', NULL, NULL, 'Wortel', 30, 'gram'),
(896, 50, 'manual', NULL, NULL, 'Sawi Putih', 40, 'gram'),
(897, 50, 'manual', NULL, NULL, 'Daun Bawang', 5, 'gram'),
(898, 50, 'manual', NULL, NULL, 'Minyak', 3, 'gram'),
(899, 50, 'manual', NULL, NULL, 'Bawang Putih', 3, 'gram'),
(900, 50, 'manual', NULL, NULL, 'Garam', 1, 'gram'),
(901, 50, 'manual', NULL, NULL, 'Gula', 0, 'gram'),
(902, 50, 'manual', NULL, NULL, 'Air', 50, 'ml'),
(903, 50, 'manual', NULL, NULL, 'Tahu', 50, 'gram'),
(904, 50, 'manual', NULL, NULL, 'Buah Jeruk', 100, 'gram');
INSERT INTO `menu_master_detail` (`id`, `menu_master_id`, `item_type`, `produk_id`, `resep_id`, `custom_name`, `qty_needed`, `keterangan`) VALUES
(905, 51, 'manual', NULL, NULL, 'Beras', 75, 'gram'),
(906, 51, 'manual', NULL, NULL, 'Ikan Segar', 90, 'gram'),
(907, 51, 'manual', NULL, NULL, 'Minyak', 5, 'gram'),
(908, 51, 'manual', NULL, NULL, 'Bawang Putih', 2, 'gram'),
(909, 51, 'manual', NULL, NULL, 'Garam', 1, 'gram'),
(910, 51, 'manual', NULL, NULL, 'Air', 10, 'ml'),
(911, 51, 'manual', NULL, NULL, 'Labu Siam', 40, 'gram'),
(912, 51, 'manual', NULL, NULL, 'Kacang Panjang', 30, 'gram'),
(913, 51, 'manual', NULL, NULL, 'Terong', 30, 'gram'),
(914, 51, 'manual', NULL, NULL, 'Santan', 50, 'ml'),
(915, 51, 'manual', NULL, NULL, 'Air', 150, 'ml'),
(916, 51, 'manual', NULL, NULL, 'Bawang Putih', 3, 'gram'),
(917, 51, 'manual', NULL, NULL, 'Bawang Merah', 5, 'gram'),
(918, 51, 'manual', NULL, NULL, 'Kencur', 1, 'gram'),
(919, 51, 'manual', NULL, NULL, 'Garam', 1, 'gram'),
(920, 51, 'manual', NULL, NULL, 'Gula', 1, 'gram'),
(921, 51, 'manual', NULL, NULL, 'Tempe', 50, 'gram'),
(922, 51, 'manual', NULL, NULL, 'Minyak', 5, 'gram'),
(923, 51, 'manual', NULL, NULL, 'Apel', 100, 'gram'),
(924, 51, 'manual', NULL, NULL, 'Susu UHT', 125, 'ml'),
(925, 52, 'manual', NULL, NULL, 'Beras Merah Manual', 100, 'gram'),
(926, 53, 'manual', NULL, NULL, 'Beras Merah Manual', 100, 'gram'),
(927, 54, 'manual', NULL, NULL, 'Beras Merah Manual', 100, 'gram');

-- --------------------------------------------------------

--
-- Table structure for table `pembayaran_piutang`
--

CREATE TABLE `pembayaran_piutang` (
  `id` int(11) NOT NULL,
  `piutang_id` int(11) NOT NULL,
  `tanggal_bayar` date NOT NULL,
  `jumlah_bayar` decimal(15,2) NOT NULL,
  `metode_bayar` enum('tunai','transfer','giro','lainnya') DEFAULT 'tunai',
  `no_referensi` varchar(50) DEFAULT NULL COMMENT 'no transfer/giro',
  `bukti_bayar` varchar(255) DEFAULT NULL,
  `keterangan` text DEFAULT NULL,
  `user_id` int(11) NOT NULL COMMENT 'user yang input pembayaran',
  `created_at` timestamp NOT NULL DEFAULT current_timestamp()
) ENGINE=InnoDB DEFAULT CHARSET=utf8mb4 COLLATE=utf8mb4_unicode_ci;

-- --------------------------------------------------------

--
-- Table structure for table `pembelanjaan`
--

CREATE TABLE `pembelanjaan` (
  `id` int(11) NOT NULL,
  `no_pembelanjaan` varchar(50) NOT NULL,
  `tanggal` date NOT NULL,
  `periode_type` enum('harian','mingguan','bulanan') NOT NULL,
  `periode_value` varchar(20) DEFAULT NULL COMMENT 'misal: 2024-01, Week-52-2024, 2024-01-15',
  `supplier_id` int(11) DEFAULT NULL,
  `request_id` int(11) DEFAULT NULL COMMENT 'jika terkait request',
  `total_belanja` decimal(15,2) DEFAULT 0.00,
  `bukti_belanja` varchar(255) DEFAULT NULL COMMENT 'upload nota/struk',
  `keterangan` text DEFAULT NULL,
  `user_id` int(11) NOT NULL COMMENT 'petugas yang belanja',
  `status` enum('draft','selesai') DEFAULT 'draft',
  `created_at` timestamp NOT NULL DEFAULT current_timestamp(),
  `updated_at` timestamp NULL DEFAULT NULL ON UPDATE current_timestamp()
) ENGINE=InnoDB DEFAULT CHARSET=utf8mb4 COLLATE=utf8mb4_unicode_ci;

--
-- Dumping data for table `pembelanjaan`
--

INSERT INTO `pembelanjaan` (`id`, `no_pembelanjaan`, `tanggal`, `periode_type`, `periode_value`, `supplier_id`, `request_id`, `total_belanja`, `bukti_belanja`, `keterangan`, `user_id`, `status`, `created_at`, `updated_at`) VALUES
(1, 'BLJ/2025/12/001', '2025-12-30', 'harian', '2025-12-30', NULL, NULL, 435000.00, NULL, 'Pembelanjaan untuk Menu: Nasi Goreng (29 Desember 2025)', 1, 'selesai', '2025-12-30 01:53:45', '2025-12-30 02:06:47'),
(2, 'BLJ/2025/12/002', '2025-12-30', 'harian', '2025-12-30', NULL, NULL, 435000.00, NULL, 'Pembelanjaan untuk Menu: Nasi Goreng (29 Desember 2025)', 1, 'selesai', '2025-12-30 02:12:02', '2025-12-30 02:12:13');

-- --------------------------------------------------------

--
-- Table structure for table `pembelanjaan_detail`
--

CREATE TABLE `pembelanjaan_detail` (
  `id` int(11) NOT NULL,
  `pembelanjaan_id` int(11) NOT NULL,
  `produk_id` int(11) NOT NULL,
  `qty` decimal(10,2) NOT NULL,
  `harga_satuan` decimal(15,2) NOT NULL,
  `subtotal` decimal(15,2) GENERATED ALWAYS AS (`qty` * `harga_satuan`) STORED,
  `keterangan` text DEFAULT NULL,
  `created_at` timestamp NOT NULL DEFAULT current_timestamp()
) ENGINE=InnoDB DEFAULT CHARSET=utf8mb4 COLLATE=utf8mb4_unicode_ci;

--
-- Dumping data for table `pembelanjaan_detail`
--

INSERT INTO `pembelanjaan_detail` (`id`, `pembelanjaan_id`, `produk_id`, `qty`, `harga_satuan`, `keterangan`, `created_at`) VALUES
(1, 1, 43, 30.00, 14500.00, NULL, '2025-12-30 01:53:45'),
(2, 2, 43, 30.00, 14500.00, NULL, '2025-12-30 02:12:02');

-- --------------------------------------------------------

--
-- Table structure for table `penerimaan_barang`
--

CREATE TABLE `penerimaan_barang` (
  `id` int(11) NOT NULL,
  `no_penerimaan` varchar(50) NOT NULL,
  `tanggal_terima` date NOT NULL,
  `pembelanjaan_id` int(11) DEFAULT NULL,
  `supplier_id` int(11) DEFAULT NULL,
  `no_surat_jalan` varchar(50) DEFAULT NULL,
  `penerima_id` int(11) NOT NULL COMMENT 'user yang terima barang',
  `kondisi_barang` enum('baik','rusak','kurang') DEFAULT 'baik',
  `keterangan` text DEFAULT NULL,
  `status` enum('diterima_koperasi','masuk_gudang') DEFAULT 'diterima_koperasi',
  `created_at` timestamp NOT NULL DEFAULT current_timestamp(),
  `updated_at` timestamp NULL DEFAULT NULL ON UPDATE current_timestamp()
) ENGINE=InnoDB DEFAULT CHARSET=utf8mb4 COLLATE=utf8mb4_unicode_ci;

--
-- Dumping data for table `penerimaan_barang`
--

INSERT INTO `penerimaan_barang` (`id`, `no_penerimaan`, `tanggal_terima`, `pembelanjaan_id`, `supplier_id`, `no_surat_jalan`, `penerima_id`, `kondisi_barang`, `keterangan`, `status`, `created_at`, `updated_at`) VALUES
(1, 'TRM/2025/12/001', '2025-12-30', 1, NULL, 'SJSJS3323', 1, 'baik', 'Pembelanjaan untuk Menu: Nasi Goreng (29 Desember 2025)', 'masuk_gudang', '2025-12-30 02:06:47', '2025-12-30 02:10:21'),
(2, 'TRM/2025/12/002', '2025-12-30', 2, NULL, 'SDS3344', 1, 'baik', 'Pembelanjaan untuk Menu: Nasi Goreng (29 Desember 2025)', 'masuk_gudang', '2025-12-30 02:12:13', '2025-12-30 02:12:38');

-- --------------------------------------------------------

--
-- Table structure for table `penerimaan_detail`
--

CREATE TABLE `penerimaan_detail` (
  `id` int(11) NOT NULL,
  `penerimaan_id` int(11) NOT NULL,
  `produk_id` int(11) NOT NULL,
  `qty_terima` decimal(10,2) NOT NULL,
  `qty_ke_gudang` decimal(10,2) DEFAULT 0.00 COMMENT 'qty yang masuk gudang',
  `qty_distribusi` decimal(10,2) DEFAULT 0.00 COMMENT 'qty yang langsung distribusi',
  `kondisi` enum('baik','rusak') DEFAULT 'baik',
  `keterangan` text DEFAULT NULL,
  `created_at` timestamp NOT NULL DEFAULT current_timestamp()
) ENGINE=InnoDB DEFAULT CHARSET=utf8mb4 COLLATE=utf8mb4_unicode_ci;

--
-- Dumping data for table `penerimaan_detail`
--

INSERT INTO `penerimaan_detail` (`id`, `penerimaan_id`, `produk_id`, `qty_terima`, `qty_ke_gudang`, `qty_distribusi`, `kondisi`, `keterangan`, `created_at`) VALUES
(1, 1, 43, 30.00, 30.00, 0.00, 'baik', '', '2025-12-30 02:06:47'),
(2, 2, 43, 30.00, 30.00, 0.00, 'baik', '', '2025-12-30 02:12:13');

-- --------------------------------------------------------

--
-- Table structure for table `piutang`
--

CREATE TABLE `piutang` (
  `id` int(11) NOT NULL,
  `no_piutang` varchar(50) NOT NULL,
  `tanggal` date NOT NULL,
  `kantor_id` int(11) NOT NULL,
  `distribusi_id` int(11) DEFAULT NULL,
  `total_piutang` decimal(15,2) NOT NULL,
  `total_dibayar` decimal(15,2) DEFAULT 0.00,
  `sisa_piutang` decimal(15,2) GENERATED ALWAYS AS (`total_piutang` - `total_dibayar`) STORED,
  `jatuh_tempo` date DEFAULT NULL,
  `status` enum('belum_lunas','lunas') DEFAULT 'belum_lunas',
  `keterangan` text DEFAULT NULL,
  `created_at` timestamp NOT NULL DEFAULT current_timestamp(),
  `updated_at` timestamp NULL DEFAULT NULL ON UPDATE current_timestamp()
) ENGINE=InnoDB DEFAULT CHARSET=utf8mb4 COLLATE=utf8mb4_unicode_ci;

-- --------------------------------------------------------

--
-- Table structure for table `produk`
--

CREATE TABLE `produk` (
  `id` int(11) NOT NULL,
  `kode_produk` varchar(50) NOT NULL,
  `nama_produk` varchar(150) NOT NULL,
  `jenis_barang_id` int(11) NOT NULL COMMENT 'bahan baku/jadi/perlengkapan',
  `kategori_id` int(11) NOT NULL,
  `supplier_id` int(11) DEFAULT NULL,
  `satuan_id` int(11) NOT NULL,
  `tipe_item` enum('stok','distribusi','khusus') NOT NULL COMMENT 'stok=disimpan, distribusi=langsung kirim, khusus=stok+distribusi',
  `status_produk` enum('persiapan','running','nonaktif') DEFAULT 'persiapan',
  `harga_estimasi` decimal(15,2) DEFAULT 0.00,
  `harga_beli` decimal(15,2) DEFAULT 0.00 COMMENT 'Purchase price from pembelanjaan',
  `harga_jual_1` decimal(15,2) DEFAULT 0.00 COMMENT 'Selling price 1 - editable by staf inventori',
  `harga_jual_2` decimal(15,2) DEFAULT 0.00 COMMENT 'Selling price 2 - editable by admin',
  `stok_minimum` int(11) DEFAULT 0,
  `masa_kadaluarsa_hari` int(11) DEFAULT NULL COMMENT 'untuk bahan baku yang ada expired',
  `spesifikasi` text DEFAULT NULL COMMENT 'spesifikasi teknis produk',
  `deskripsi` text DEFAULT NULL,
  `gambar` varchar(255) DEFAULT NULL,
  `barcode` varchar(100) DEFAULT NULL,
  `created_at` timestamp NOT NULL DEFAULT current_timestamp(),
  `updated_at` timestamp NULL DEFAULT NULL ON UPDATE current_timestamp()
) ENGINE=InnoDB DEFAULT CHARSET=utf8mb4 COLLATE=utf8mb4_unicode_ci;

--
-- Dumping data for table `produk`
--

INSERT INTO `produk` (`id`, `kode_produk`, `nama_produk`, `jenis_barang_id`, `kategori_id`, `supplier_id`, `satuan_id`, `tipe_item`, `status_produk`, `harga_estimasi`, `harga_beli`, `harga_jual_1`, `harga_jual_2`, `stok_minimum`, `masa_kadaluarsa_hari`, `spesifikasi`, `deskripsi`, `gambar`, `barcode`, `created_at`, `updated_at`) VALUES
(1, 'PASAR-GUL-05a9', 'Gula Pasir lokal', 1, 1, NULL, 4, 'stok', 'running', 0.00, 0.00, 0.00, 0.00, 0, NULL, NULL, 'Komoditas pasar: Gula Pasir lokal', NULL, NULL, '2025-12-29 06:30:26', NULL),
(2, 'PASAR-MIN-1c31', 'Minyak Goreng Curah', 1, 1, NULL, 4, 'stok', 'running', 0.00, 0.00, 0.00, 0.00, 0, NULL, NULL, 'Komoditas pasar: Minyak Goreng Curah', NULL, NULL, '2025-12-29 06:30:26', NULL),
(3, 'PASAR-DAG-72dc', 'Daging Sapi Murni', 1, 1, NULL, 4, 'stok', 'running', 0.00, 0.00, 0.00, 0.00, 0, NULL, NULL, 'Komoditas pasar: Daging Sapi Murni', NULL, NULL, '2025-12-29 06:30:26', NULL),
(4, 'PASAR-DAG-3bb6', 'Daging Ayam Broiler', 1, 1, NULL, 4, 'stok', 'running', 0.00, 0.00, 0.00, 0.00, 0, NULL, NULL, 'Komoditas pasar: Daging Ayam Broiler', NULL, NULL, '2025-12-29 06:30:26', NULL),
(5, 'PASAR-DAG-632a', 'Daging Ayam Kampung', 1, 1, NULL, 4, 'stok', 'running', 0.00, 0.00, 0.00, 0.00, 0, NULL, NULL, 'Komoditas pasar: Daging Ayam Kampung', NULL, NULL, '2025-12-29 06:30:26', NULL),
(6, 'PASAR-TEL-0c9d', 'Telur Ayam Broiler', 1, 1, NULL, 4, 'stok', 'running', 0.00, 0.00, 0.00, 0.00, 0, NULL, NULL, 'Komoditas pasar: Telur Ayam Broiler', NULL, NULL, '2025-12-29 06:30:26', NULL),
(7, 'PASAR-SUS-7539', 'Susu Kental Manis Bendera Putih', 1, 1, NULL, 4, 'stok', 'running', 0.00, 0.00, 0.00, 0.00, 0, NULL, NULL, 'Komoditas pasar: Susu Kental Manis Bendera Putih', NULL, NULL, '2025-12-29 06:30:26', NULL),
(8, 'PASAR-GAR-9545', 'Garam Beryodium', 1, 1, NULL, 4, 'stok', 'running', 0.00, 0.00, 0.00, 0.00, 0, NULL, NULL, 'Komoditas pasar: Garam Beryodium', NULL, NULL, '2025-12-29 06:30:26', NULL),
(9, 'PASAR-IKA-0b7f', 'Ikan Kembung', 1, 1, NULL, 4, 'stok', 'running', 0.00, 0.00, 0.00, 0.00, 0, NULL, NULL, 'Komoditas pasar: Ikan Kembung', NULL, NULL, '2025-12-29 06:30:26', NULL),
(10, 'PASAR-TEP-9a2b', 'Tepung Terigu Segi Tiga Biru', 1, 1, NULL, 4, 'stok', 'running', 0.00, 0.00, 0.00, 0.00, 0, NULL, NULL, 'Komoditas pasar: Tepung Terigu Segi Tiga Biru', NULL, NULL, '2025-12-29 06:30:26', NULL),
(11, 'PASAR-CAB-ce68', 'Cabe Merah Keriting', 1, 1, NULL, 4, 'stok', 'running', 0.00, 0.00, 0.00, 0.00, 0, NULL, NULL, 'Komoditas pasar: Cabe Merah Keriting', NULL, NULL, '2025-12-29 06:30:26', NULL),
(12, 'PASAR-CAB-d6de', 'Cabe Merah Biasa', 1, 1, NULL, 4, 'stok', 'running', 0.00, 0.00, 0.00, 0.00, 0, NULL, NULL, 'Komoditas pasar: Cabe Merah Biasa', NULL, NULL, '2025-12-29 06:30:26', NULL),
(13, 'PASAR-CAB-5b8a', 'Cabe Rawit Merah', 1, 1, NULL, 4, 'stok', 'running', 0.00, 0.00, 0.00, 0.00, 0, NULL, NULL, 'Komoditas pasar: Cabe Rawit Merah', NULL, NULL, '2025-12-29 06:30:26', NULL),
(14, 'PASAR-CAB-61cf', 'Cabe Rawit Hijau', 1, 1, NULL, 4, 'stok', 'running', 0.00, 0.00, 0.00, 0.00, 0, NULL, NULL, 'Komoditas pasar: Cabe Rawit Hijau', NULL, NULL, '2025-12-29 06:30:26', NULL),
(15, 'PASAR-IND-4edf', 'Indomie Kari Ayam', 1, 1, NULL, 4, 'stok', 'running', 0.00, 0.00, 0.00, 0.00, 0, NULL, NULL, 'Komoditas pasar: Indomie Kari Ayam', NULL, NULL, '2025-12-29 06:30:26', NULL),
(16, 'PASAR-GUL-c4b5', 'Gula Merah', 1, 1, NULL, 4, 'stok', 'running', 0.00, 0.00, 0.00, 0.00, 0, NULL, NULL, 'Komoditas pasar: Gula Merah', NULL, NULL, '2025-12-29 06:30:26', NULL),
(17, 'PASAR-GUL-c7f0', 'Gula Batu', 1, 1, NULL, 4, 'stok', 'running', 0.00, 0.00, 0.00, 0.00, 0, NULL, NULL, 'Komoditas pasar: Gula Batu', NULL, NULL, '2025-12-29 06:30:26', NULL),
(18, 'PASAR-MIN-d935', 'Minyak Goreng Tropical', 1, 1, NULL, 4, 'stok', 'running', 0.00, 0.00, 0.00, 0.00, 0, NULL, NULL, 'Komoditas pasar: Minyak Goreng Tropical', NULL, NULL, '2025-12-29 06:30:26', NULL),
(19, 'PASAR-DAG-4738', 'Daging Kambing', 1, 1, NULL, 4, 'stok', 'running', 0.00, 0.00, 0.00, 0.00, 0, NULL, NULL, 'Komoditas pasar: Daging Kambing', NULL, NULL, '2025-12-29 06:30:26', NULL),
(20, 'PASAR-MAR-b803', 'Margarine Blue Band', 1, 1, NULL, 4, 'stok', 'running', 0.00, 0.00, 0.00, 0.00, 0, NULL, NULL, 'Komoditas pasar: Margarine Blue Band', NULL, NULL, '2025-12-29 06:30:26', NULL),
(21, 'PASAR-MAR-9072', 'Margarine Simas', 1, 1, NULL, 4, 'stok', 'running', 0.00, 0.00, 0.00, 0.00, 0, NULL, NULL, 'Komoditas pasar: Margarine Simas', NULL, NULL, '2025-12-29 06:30:26', NULL),
(22, 'PASAR-SUS-1f70', 'Susu Kental Manis Bendera Cokelat', 1, 1, NULL, 4, 'stok', 'running', 0.00, 0.00, 0.00, 0.00, 0, NULL, NULL, 'Komoditas pasar: Susu Kental Manis Bendera Cokelat', NULL, NULL, '2025-12-29 06:30:26', NULL),
(23, 'PASAR-GAS-91fa', 'Gas Elpiji', 1, 1, NULL, 4, 'stok', 'running', 0.00, 0.00, 0.00, 0.00, 0, NULL, NULL, 'Komoditas pasar: Gas Elpiji', NULL, NULL, '2025-12-29 06:30:26', NULL),
(24, 'PASAR-IKA-4a60', 'Ikan Bandeng', 1, 1, NULL, 4, 'stok', 'running', 0.00, 0.00, 0.00, 0.00, 0, NULL, NULL, 'Komoditas pasar: Ikan Bandeng', NULL, NULL, '2025-12-29 06:30:26', NULL),
(25, 'PASAR-KEN-a3f0', 'Kentang', 1, 1, NULL, 4, 'stok', 'running', 0.00, 0.00, 0.00, 0.00, 0, NULL, NULL, 'Komoditas pasar: Kentang', NULL, NULL, '2025-12-29 06:30:26', NULL),
(26, 'PASAR-WOR-a6ae', 'Wortel', 1, 1, NULL, 4, 'stok', 'running', 0.00, 0.00, 0.00, 0.00, 0, NULL, NULL, 'Komoditas pasar: Wortel', NULL, NULL, '2025-12-29 06:30:26', NULL),
(27, 'PASAR-BUN-6a9a', 'Buncis', 1, 1, NULL, 4, 'stok', 'running', 0.00, 0.00, 0.00, 0.00, 0, NULL, NULL, 'Komoditas pasar: Buncis', NULL, NULL, '2025-12-29 06:30:26', NULL),
(28, 'PASAR-KOL-b1e0', 'Kol', 1, 1, NULL, 4, 'stok', 'running', 0.00, 0.00, 0.00, 0.00, 0, NULL, NULL, 'Komoditas pasar: Kol', NULL, NULL, '2025-12-29 06:30:26', NULL),
(29, 'PASAR-SAW-5bfd', 'Sawi Hijau', 1, 1, NULL, 4, 'stok', 'running', 0.00, 0.00, 0.00, 0.00, 0, NULL, NULL, 'Komoditas pasar: Sawi Hijau', NULL, NULL, '2025-12-29 06:30:26', NULL),
(30, 'PASAR-SAW-9a19', 'Sawi Petsay', 1, 1, NULL, 4, 'stok', 'running', 0.00, 0.00, 0.00, 0.00, 0, NULL, NULL, 'Komoditas pasar: Sawi Petsay', NULL, NULL, '2025-12-29 06:30:26', NULL),
(31, 'PASAR-TOM-5995', 'Tomat Buah', 1, 1, NULL, 4, 'stok', 'running', 0.00, 0.00, 0.00, 0.00, 0, NULL, NULL, 'Komoditas pasar: Tomat Buah', NULL, NULL, '2025-12-29 06:30:26', NULL),
(32, 'PASAR-TOM-7174', 'Tomat Sayur', 1, 1, NULL, 4, 'stok', 'running', 0.00, 0.00, 0.00, 0.00, 0, NULL, NULL, 'Komoditas pasar: Tomat Sayur', NULL, NULL, '2025-12-29 06:30:26', NULL),
(33, 'PASAR-CAB-36b9', 'Cabe Hijau', 1, 1, NULL, 4, 'stok', 'running', 0.00, 0.00, 0.00, 0.00, 0, NULL, NULL, 'Komoditas pasar: Cabe Hijau', NULL, NULL, '2025-12-29 06:30:26', NULL),
(34, 'PASAR-BAW-732c', 'Bawang Merah', 1, 1, NULL, 4, 'stok', 'running', 0.00, 0.00, 0.00, 30000.00, 0, NULL, NULL, 'Komoditas pasar: Bawang Merah', NULL, NULL, '2025-12-29 06:30:26', '2026-01-03 02:09:06'),
(35, 'PASAR-BAW-b416', 'Bawang Putih', 1, 1, NULL, 4, 'stok', 'running', 0.00, 0.00, 0.00, 0.00, 0, NULL, NULL, 'Komoditas pasar: Bawang Putih', NULL, NULL, '2025-12-29 06:30:26', NULL),
(36, 'PASAR-BAW-70ed', 'Bawang Bombay', 1, 1, NULL, 4, 'stok', 'running', 0.00, 0.00, 0.00, 34000.00, 0, NULL, NULL, 'Komoditas pasar: Bawang Bombay', NULL, NULL, '2025-12-29 06:30:26', '2026-01-03 02:07:18'),
(37, 'BB-001', 'Bawang putih Katingan', 1, 1, 1, 4, 'stok', 'running', 0.00, 0.00, 0.00, 39000.00, 0, NULL, '', 'Komoditas pasar: Bawang putih Katingan', NULL, '', '2025-12-29 06:30:26', '2026-01-07 07:27:26'),
(38, 'PASAR-DAG-116a', 'Daging Sapi Kw 2', 1, 1, NULL, 4, 'stok', 'running', 0.00, 0.00, 0.00, 0.00, 0, NULL, NULL, 'Komoditas pasar: Daging Sapi Kw 2', NULL, NULL, '2025-12-29 06:30:26', NULL),
(39, 'PASAR-IKA-463a', 'Ikan Tongkol', 1, 1, NULL, 4, 'stok', 'running', 0.00, 0.00, 0.00, 0.00, 0, NULL, NULL, 'Komoditas pasar: Ikan Tongkol', NULL, NULL, '2025-12-29 06:30:26', NULL),
(40, 'PASAR-IKA-c4e2', 'Ikan Mas', 1, 1, NULL, 4, 'stok', 'running', 0.00, 0.00, 0.00, 0.00, 0, NULL, NULL, 'Komoditas pasar: Ikan Mas', NULL, NULL, '2025-12-29 06:30:26', NULL),
(41, 'PASAR-KAC-1f40', 'Kacang Kedelai Impor', 1, 1, NULL, 4, 'stok', 'running', 0.00, 0.00, 0.00, 0.00, 0, NULL, NULL, 'Komoditas pasar: Kacang Kedelai Impor', NULL, NULL, '2025-12-29 06:30:26', NULL),
(42, 'PASAR-BER-c194', 'Beras Medium', 1, 1, NULL, 4, 'stok', 'running', 0.00, 0.00, 0.00, 0.00, 0, NULL, NULL, 'Komoditas pasar: Beras Medium', NULL, NULL, '2025-12-29 06:30:26', NULL),
(43, 'BB-002', 'Beras Premium I', 1, 1, 1, 4, 'stok', 'running', 0.00, 0.00, 0.00, 0.00, 0, NULL, '', 'Komoditas pasar: Beras Premium I', NULL, '', '2025-12-29 06:30:26', '2026-01-07 07:29:07'),
(44, 'PASAR-TEL-f6e2', 'Telur Ayam Kampung', 1, 1, NULL, 4, 'stok', 'running', 0.00, 0.00, 0.00, 0.00, 0, NULL, NULL, 'Komoditas pasar: Telur Ayam Kampung', NULL, NULL, '2025-12-29 06:30:28', NULL),
(45, 'PASAR-SUS-97fd', 'Susu Bubuk Dancow Putih', 1, 1, NULL, 4, 'stok', 'running', 0.00, 0.00, 0.00, 0.00, 0, NULL, NULL, 'Komoditas pasar: Susu Bubuk Dancow Putih', NULL, NULL, '2025-12-29 06:30:28', NULL),
(46, 'PASAR-KAC-428b', 'Kacang Hijau', 1, 1, NULL, 4, 'stok', 'running', 0.00, 0.00, 0.00, 0.00, 0, NULL, NULL, 'Komoditas pasar: Kacang Hijau', NULL, NULL, '2025-12-29 06:30:28', NULL),
(47, 'PASAR-KAC-b3d3', 'Kacang Tanah/Suuk', 1, 1, NULL, 4, 'stok', 'running', 0.00, 0.00, 0.00, 0.00, 0, NULL, NULL, 'Komoditas pasar: Kacang Tanah/Suuk', NULL, NULL, '2025-12-29 06:30:28', NULL),
(48, 'PASAR-UDA-16ca', 'Udang', 1, 1, NULL, 4, 'stok', 'running', 0.00, 0.00, 0.00, 0.00, 0, NULL, NULL, 'Komoditas pasar: Udang', NULL, NULL, '2025-12-29 06:30:29', NULL),
(49, 'PASAR-KAC-94af', 'Kacang Kedelai Lokal', 1, 1, NULL, 4, 'stok', 'running', 0.00, 0.00, 0.00, 0.00, 0, NULL, NULL, 'Komoditas pasar: Kacang Kedelai Lokal', NULL, NULL, '2025-12-29 06:30:29', NULL),
(50, 'PASAR-MIN-cb69', 'Minyak Goreng Kemasan Sederhana', 1, 1, NULL, 4, 'stok', 'running', 0.00, 0.00, 0.00, 0.00, 0, NULL, NULL, 'Komoditas pasar: Minyak Goreng Kemasan Sederhana', NULL, NULL, '2025-12-29 06:30:29', NULL),
(51, 'PASAR-UBI-ebe7', 'Ubi Jalar', 1, 1, NULL, 4, 'stok', 'running', 0.00, 0.00, 0.00, 0.00, 0, NULL, NULL, 'Komoditas pasar: Ubi Jalar', NULL, NULL, '2025-12-29 06:30:30', NULL),
(52, 'PASAR-SIN-2507', 'Singkong', 1, 1, NULL, 4, 'stok', 'running', 0.00, 0.00, 0.00, 0.00, 0, NULL, NULL, 'Komoditas pasar: Singkong', NULL, NULL, '2025-12-29 06:30:30', NULL),
(53, 'PASAR-JAG-82b4', 'Jagung Pipilan', 1, 1, NULL, 4, 'stok', 'running', 0.00, 0.00, 0.00, 0.00, 0, NULL, NULL, 'Komoditas pasar: Jagung Pipilan', NULL, NULL, '2025-12-29 06:30:30', NULL),
(54, 'PASAR-TEL-2b1a', 'Telur Bebek Mentah', 1, 1, NULL, 4, 'stok', 'running', 0.00, 0.00, 0.00, 0.00, 0, NULL, NULL, 'Komoditas pasar: Telur Bebek Mentah', NULL, NULL, '2025-12-29 06:30:30', NULL),
(55, 'PASAR-TEL-dbac', 'Telur Bebek Asin', 1, 1, NULL, 4, 'stok', 'running', 0.00, 0.00, 0.00, 0.00, 0, NULL, NULL, 'Komoditas pasar: Telur Bebek Asin', NULL, NULL, '2025-12-29 06:30:30', NULL),
(56, 'PASAR-BER-92d3', 'Beras Premium II', 1, 1, NULL, 4, 'stok', 'running', 0.00, 0.00, 0.00, 0.00, 0, NULL, NULL, 'Komoditas pasar: Beras Premium II', NULL, NULL, '2025-12-29 06:30:30', NULL),
(57, 'PASAR-MIN-c7fb', 'Minyak Goreng Bimoli', 1, 1, NULL, 4, 'stok', 'running', 0.00, 0.00, 0.00, 0.00, 0, NULL, NULL, 'Komoditas pasar: Minyak Goreng Bimoli', NULL, NULL, '2025-12-29 06:30:32', NULL),
(58, 'PASAR-SUS-cb06', 'Susu Kental Manis Indomilk', 1, 1, NULL, 4, 'stok', 'running', 0.00, 0.00, 0.00, 0.00, 0, NULL, NULL, 'Komoditas pasar: Susu Kental Manis Indomilk', NULL, NULL, '2025-12-29 06:30:32', NULL),
(59, 'PASAR-TER-2b19', 'Teri Medan Kering', 1, 1, NULL, 4, 'stok', 'running', 0.00, 0.00, 0.00, 0.00, 0, NULL, NULL, 'Komoditas pasar: Teri Medan Kering', NULL, NULL, '2025-12-29 06:30:32', NULL),
(60, 'PASAR-SUS-451f', 'Susu Kental Manis Indomilk Cokelat', 1, 1, NULL, 4, 'stok', 'running', 0.00, 0.00, 0.00, 0.00, 0, NULL, NULL, 'Komoditas pasar: Susu Kental Manis Indomilk Cokelat', NULL, NULL, '2025-12-29 06:30:32', NULL),
(61, 'PASAR-IKA-2af8', 'Ikan Asin Tiga Wajan', 1, 1, NULL, 4, 'stok', 'running', 0.00, 0.00, 0.00, 0.00, 0, NULL, NULL, 'Komoditas pasar: Ikan Asin Tiga Wajan', NULL, NULL, '2025-12-29 06:30:32', NULL),
(62, 'PASAR-BER-a97a', 'Beras Bulog', 1, 1, NULL, 4, 'stok', 'running', 0.00, 0.00, 0.00, 0.00, 0, NULL, NULL, 'Komoditas pasar: Beras Bulog', NULL, NULL, '2025-12-29 06:30:32', NULL),
(63, 'PASAR-CUM-fe6a', 'Cumi Asin', 1, 1, NULL, 4, 'stok', 'running', 0.00, 0.00, 0.00, 0.00, 0, NULL, NULL, 'Komoditas pasar: Cumi Asin', NULL, NULL, '2025-12-29 06:30:36', NULL),
(64, 'PASAR-BER-2ee2', 'Beras Premium Super', 1, 1, NULL, 4, 'stok', 'running', 0.00, 0.00, 0.00, 0.00, 0, NULL, NULL, 'Komoditas pasar: Beras Premium Super', NULL, NULL, '2025-12-29 06:30:38', NULL);

-- --------------------------------------------------------

--
-- Table structure for table `request`
--

CREATE TABLE `request` (
  `id` int(11) NOT NULL,
  `no_request` varchar(50) NOT NULL,
  `tanggal_request` date NOT NULL,
  `kantor_id` int(11) NOT NULL,
  `user_id` int(11) NOT NULL COMMENT 'user yang buat request',
  `keperluan` text DEFAULT NULL,
  `tanggal_butuh` date DEFAULT NULL,
  `status` enum('pending','diproses','selesai','ditolak') DEFAULT 'pending',
  `approved_by` int(11) DEFAULT NULL,
  `approved_at` datetime DEFAULT NULL,
  `keterangan_approval` text DEFAULT NULL,
  `created_at` timestamp NOT NULL DEFAULT current_timestamp(),
  `updated_at` timestamp NULL DEFAULT NULL ON UPDATE current_timestamp()
) ENGINE=InnoDB DEFAULT CHARSET=utf8mb4 COLLATE=utf8mb4_unicode_ci;

--
-- Dumping data for table `request`
--

INSERT INTO `request` (`id`, `no_request`, `tanggal_request`, `kantor_id`, `user_id`, `keperluan`, `tanggal_butuh`, `status`, `approved_by`, `approved_at`, `keterangan_approval`, `created_at`, `updated_at`) VALUES
(1, 'REQ/2026/01/001', '2026-01-08', 1, 1, 'rweresrfsdsd', '2026-01-23', 'pending', NULL, NULL, NULL, '2026-01-08 02:22:30', '2026-01-08 02:31:36'),
(2, 'REQ/2026/01/002', '2026-01-08', 1, 1, 'asdasdasd', '2026-01-28', '', NULL, NULL, NULL, '2026-01-08 02:32:40', NULL),
(3, 'REQ/2026/01/003', '2026-01-08', 1, 1, 'asdasdadsa', '2026-01-22', 'ditolak', 1, '2026-01-08 09:52:06', '', '2026-01-08 02:41:25', '2026-01-08 02:52:06');

-- --------------------------------------------------------

--
-- Table structure for table `request_detail`
--

CREATE TABLE `request_detail` (
  `id` int(11) NOT NULL,
  `request_id` int(11) NOT NULL,
  `produk_id` int(11) NOT NULL,
  `qty_request` decimal(10,2) NOT NULL,
  `qty_approved` decimal(10,2) DEFAULT NULL,
  `keterangan` text DEFAULT NULL,
  `created_at` timestamp NOT NULL DEFAULT current_timestamp()
) ENGINE=InnoDB DEFAULT CHARSET=utf8mb4 COLLATE=utf8mb4_unicode_ci;

--
-- Dumping data for table `request_detail`
--

INSERT INTO `request_detail` (`id`, `request_id`, `produk_id`, `qty_request`, `qty_approved`, `keterangan`, `created_at`) VALUES
(1, 1, 34, 100.00, NULL, '', '2026-01-08 02:22:30'),
(2, 2, 11, 100.00, NULL, '', '2026-01-08 02:32:40'),
(3, 3, 36, 20.00, NULL, '', '2026-01-08 02:41:25');

-- --------------------------------------------------------

--
-- Table structure for table `resep`
--

CREATE TABLE `resep` (
  `id` int(11) NOT NULL,
  `kode_resep` varchar(50) NOT NULL,
  `nama_resep` varchar(200) NOT NULL,
  `deskripsi` text DEFAULT NULL,
  `porsi_standar` int(11) DEFAULT 1 COMMENT 'Standard portion for this recipe',
  `status` enum('aktif','nonaktif') DEFAULT 'aktif',
  `created_at` timestamp NOT NULL DEFAULT current_timestamp(),
  `updated_at` timestamp NULL DEFAULT NULL ON UPDATE current_timestamp()
) ENGINE=InnoDB DEFAULT CHARSET=utf8mb4 COLLATE=utf8mb4_unicode_ci;

-- --------------------------------------------------------

--
-- Table structure for table `resep_detail`
--

CREATE TABLE `resep_detail` (
  `id` int(11) NOT NULL,
  `resep_id` int(11) NOT NULL,
  `produk_id` int(11) NOT NULL,
  `gramasi` decimal(10,4) NOT NULL COMMENT 'Quantity per standard portion',
  `keterangan` text DEFAULT NULL
) ENGINE=InnoDB DEFAULT CHARSET=utf8mb4 COLLATE=utf8mb4_unicode_ci;

-- --------------------------------------------------------

--
-- Table structure for table `satuan`
--

CREATE TABLE `satuan` (
  `id` int(11) NOT NULL,
  `nama_satuan` varchar(50) NOT NULL,
  `keterangan` varchar(100) DEFAULT NULL,
  `created_at` timestamp NOT NULL DEFAULT current_timestamp()
) ENGINE=InnoDB DEFAULT CHARSET=utf8mb4 COLLATE=utf8mb4_unicode_ci;

--
-- Dumping data for table `satuan`
--

INSERT INTO `satuan` (`id`, `nama_satuan`, `keterangan`, `created_at`) VALUES
(1, 'PCS', 'Pieces/Buah', '2025-12-27 03:40:34'),
(2, 'BOX', 'Box/Kotak', '2025-12-27 03:40:34'),
(3, 'PACK', 'Pack/Bungkus', '2025-12-27 03:40:34'),
(4, 'KG', 'Kilogram', '2025-12-27 03:40:34'),
(5, 'LITER', 'Liter', '2025-12-27 03:40:34'),
(6, 'LUSIN', 'Lusin (12 pcs)', '2025-12-27 03:40:34'),
(7, 'GROSS', 'Gross (144 pcs)', '2025-12-27 03:40:34'),
(8, 'UNIT', 'Unit', '2025-12-27 03:40:34');

-- --------------------------------------------------------

--
-- Table structure for table `scraping_log`
--

CREATE TABLE `scraping_log` (
  `id` int(11) NOT NULL,
  `bulan` int(2) NOT NULL,
  `tahun` int(4) NOT NULL,
  `jumlah_pasar` int(11) DEFAULT 0,
  `jumlah_komoditas` int(11) DEFAULT 0,
  `status` enum('success','partial','failed') DEFAULT 'success',
  `error_message` text DEFAULT NULL,
  `created_at` timestamp NOT NULL DEFAULT current_timestamp()
) ENGINE=InnoDB DEFAULT CHARSET=utf8mb4 COLLATE=utf8mb4_unicode_ci;

--
-- Dumping data for table `scraping_log`
--

INSERT INTO `scraping_log` (`id`, `bulan`, `tahun`, `jumlah_pasar`, `jumlah_komoditas`, `status`, `error_message`, `created_at`) VALUES
(1, 12, 2025, 7, 298, 'success', NULL, '2025-12-29 06:30:39'),
(2, 12, 2025, 7, 298, 'success', NULL, '2025-12-30 03:57:21'),
(3, 1, 2026, 7, 264, 'success', NULL, '2026-01-08 03:15:25');

-- --------------------------------------------------------

--
-- Table structure for table `settings`
--

CREATE TABLE `settings` (
  `id` int(11) NOT NULL,
  `setting_key` varchar(100) NOT NULL,
  `setting_value` text DEFAULT NULL,
  `setting_group` varchar(50) DEFAULT NULL,
  `description` text DEFAULT NULL,
  `updated_at` timestamp NULL DEFAULT current_timestamp() ON UPDATE current_timestamp()
) ENGINE=InnoDB DEFAULT CHARSET=utf8mb4 COLLATE=utf8mb4_unicode_ci;

--
-- Dumping data for table `settings`
--

INSERT INTO `settings` (`id`, `setting_key`, `setting_value`, `setting_group`, `description`, `updated_at`) VALUES
(1, 'nama_perusahaan', 'MBG', 'general', 'Nama Perusahaan', '2025-12-27 03:40:34'),
(2, 'alamat_perusahaan', '', 'general', 'Alamat Perusahaan', '2025-12-27 03:40:34'),
(3, 'no_telp', '', 'general', 'No Telepon', '2025-12-27 03:40:34'),
(4, 'email', '', 'general', 'Email', '2025-12-27 03:40:34'),
(5, 'logo', '', 'general', 'Logo Perusahaan', '2025-12-27 03:40:34'),
(6, 'format_no_request', 'REQ/[TAHUN]/[BULAN]/[NOMOR]', 'format', 'Format Nomor Request', '2025-12-27 03:40:34'),
(7, 'format_no_pembelanjaan', 'BLJ/[TAHUN]/[BULAN]/[NOMOR]', 'format', 'Format Nomor Pembelanjaan', '2025-12-27 03:40:34'),
(8, 'format_no_penerimaan', 'TRM/[TAHUN]/[BULAN]/[NOMOR]', 'format', 'Format Nomor Penerimaan', '2025-12-27 03:40:34'),
(9, 'format_no_distribusi', 'DST/[TAHUN]/[BULAN]/[NOMOR]', 'format', 'Format Nomor Distribusi', '2025-12-27 03:40:34'),
(10, 'format_no_piutang', 'HTG/[TAHUN]/[BULAN]/[NOMOR]', 'format', 'Format Nomor Piutang', '2025-12-27 03:40:34'),
(11, 'format_no_opname', 'OPN/[TAHUN]/[BULAN]/[NOMOR]', 'format', 'Format Nomor Opname', '2025-12-27 03:40:34'),
(12, 'qr_code_url', 'https://yourdomain.com/scan/', 'qr', 'Base URL untuk QR Code', '2025-12-27 03:40:34'),
(13, 'enable_gps_tracking', '1', 'qr', 'Aktifkan GPS Tracking saat scan QR (1=ya, 0=tidak)', '2025-12-27 03:40:34'),
(14, 'format_no_menu', 'MENU/[TAHUN]/[BULAN]/[NOMOR]', 'format', 'Format Nomor Menu Harian', '2025-12-29 07:07:20');

-- --------------------------------------------------------

--
-- Table structure for table `stok_opname`
--

CREATE TABLE `stok_opname` (
  `id` int(11) NOT NULL,
  `no_opname` varchar(50) NOT NULL,
  `tanggal_opname` date NOT NULL,
  `periode` varchar(20) DEFAULT NULL COMMENT 'misal: 2024-01',
  `lokasi` enum('gudang','koperasi') NOT NULL,
  `pic_id` int(11) NOT NULL COMMENT 'penanggung jawab opname',
  `status` enum('draft','proses','selesai') DEFAULT 'draft',
  `keterangan` text DEFAULT NULL,
  `approved_by` int(11) DEFAULT NULL,
  `approved_at` datetime DEFAULT NULL,
  `created_at` timestamp NOT NULL DEFAULT current_timestamp(),
  `updated_at` timestamp NULL DEFAULT NULL ON UPDATE current_timestamp()
) ENGINE=InnoDB DEFAULT CHARSET=utf8mb4 COLLATE=utf8mb4_unicode_ci;

-- --------------------------------------------------------

--
-- Table structure for table `stok_opname_detail`
--

CREATE TABLE `stok_opname_detail` (
  `id` int(11) NOT NULL,
  `opname_id` int(11) NOT NULL,
  `produk_id` int(11) NOT NULL,
  `qty_sistem` decimal(10,2) NOT NULL COMMENT 'stok di sistem',
  `qty_fisik` decimal(10,2) NOT NULL COMMENT 'hasil hitung fisik',
  `selisih` decimal(10,2) GENERATED ALWAYS AS (`qty_fisik` - `qty_sistem`) STORED,
  `keterangan` text DEFAULT NULL,
  `created_at` timestamp NOT NULL DEFAULT current_timestamp()
) ENGINE=InnoDB DEFAULT CHARSET=utf8mb4 COLLATE=utf8mb4_unicode_ci;

-- --------------------------------------------------------

--
-- Table structure for table `supplier`
--

CREATE TABLE `supplier` (
  `id` int(11) NOT NULL,
  `kode_supplier` varchar(20) NOT NULL,
  `nama_supplier` varchar(150) NOT NULL,
  `alamat` text DEFAULT NULL,
  `no_telp` varchar(20) DEFAULT NULL,
  `email` varchar(100) DEFAULT NULL,
  `pic_name` varchar(100) DEFAULT NULL,
  `pic_phone` varchar(20) DEFAULT NULL,
  `keterangan` text DEFAULT NULL,
  `status` enum('aktif','nonaktif') DEFAULT 'aktif',
  `created_at` timestamp NOT NULL DEFAULT current_timestamp(),
  `updated_at` timestamp NULL DEFAULT NULL ON UPDATE current_timestamp()
) ENGINE=InnoDB DEFAULT CHARSET=utf8mb4 COLLATE=utf8mb4_unicode_ci;

--
-- Dumping data for table `supplier`
--

INSERT INTO `supplier` (`id`, `kode_supplier`, `nama_supplier`, `alamat`, `no_telp`, `email`, `pic_name`, `pic_phone`, `keterangan`, `status`, `created_at`, `updated_at`) VALUES
(1, 'SUP-001', 'Tatang Sutarma', 'Jln Jalan SIpato Jalan', '000000000000000', 'memerlin90@gmail.com', 'Iman', '089521572610', '', 'aktif', '2026-01-07 07:13:10', NULL);

-- --------------------------------------------------------

--
-- Table structure for table `users`
--

CREATE TABLE `users` (
  `id` int(11) NOT NULL,
  `username` varchar(50) NOT NULL,
  `password` varchar(255) NOT NULL,
  `nama_lengkap` varchar(100) NOT NULL,
  `email` varchar(100) DEFAULT NULL,
  `no_hp` varchar(20) DEFAULT NULL,
  `role` enum('admin','koperasi','gudang','kantor') NOT NULL,
  `kantor_id` int(11) DEFAULT NULL,
  `foto` varchar(255) DEFAULT NULL,
  `status` enum('aktif','nonaktif') DEFAULT 'aktif',
  `created_at` timestamp NOT NULL DEFAULT current_timestamp(),
  `updated_at` timestamp NULL DEFAULT NULL ON UPDATE current_timestamp()
) ENGINE=InnoDB DEFAULT CHARSET=utf8mb4 COLLATE=utf8mb4_unicode_ci;

--
-- Dumping data for table `users`
--

INSERT INTO `users` (`id`, `username`, `password`, `nama_lengkap`, `email`, `no_hp`, `role`, `kantor_id`, `foto`, `status`, `created_at`, `updated_at`) VALUES
(1, 'admin', '$2y$10$SJqPFje7TMHOxFKwL/OpqeV9ueldyEdqhtzbKm6tjucv7xEPS3F1m', 'Administrator', 'admin@mbg.com', NULL, 'admin', NULL, NULL, 'aktif', '2025-12-27 03:40:34', '2025-12-27 03:52:23'),
(2, 'koperasi', '044a2fc30eacfb63d14ed32669f66f94', 'Staff Koperasi', 'koperasi@mbg.com', NULL, 'koperasi', NULL, NULL, 'aktif', '2025-12-27 03:40:34', NULL),
(3, 'gudang', 'cbb7449d78314665f9e7c7dd0a18a68a', 'Staff Gudang', 'gudang@mbg.com', NULL, 'gudang', NULL, NULL, 'aktif', '2025-12-27 03:40:34', NULL);

-- --------------------------------------------------------

--
-- Stand-in structure for view `v_analisis_harga_pasar`
-- (See below for the actual view)
--
CREATE TABLE `v_analisis_harga_pasar` (
`id` int(11)
,`kode_produk` varchar(50)
,`nama_produk` varchar(150)
,`nama_pasar` varchar(100)
,`periode` varchar(14)
,`harga_terendah` decimal(15,2)
,`harga_tertinggi` decimal(15,2)
,`harga_rata_rata` decimal(15,2)
,`jumlah_hari_terdata` int(3)
,`selisih_harga` decimal(16,2)
,`volatilitas_percent` decimal(22,2)
,`nama_satuan` varchar(50)
,`scraped_at` datetime
,`created_at` timestamp
);

-- --------------------------------------------------------

--
-- Stand-in structure for view `v_comparison_request_delivery`
-- (See below for the actual view)
--
CREATE TABLE `v_comparison_request_delivery` (
`distribusi_id` int(11)
,`no_surat_jalan` varchar(50)
,`tanggal_kirim` date
,`tanggal_terima` datetime
,`status` enum('dikirim','diterima','bermasalah')
,`kode_kantor` varchar(20)
,`nama_kantor` varchar(100)
,`no_request` varchar(50)
,`jenis_barang` varchar(100)
,`nama_kategori` varchar(100)
,`kode_produk` varchar(50)
,`nama_produk` varchar(150)
,`nama_satuan` varchar(50)
,`qty_diminta` decimal(10,2)
,`qty_dikirim` decimal(10,2)
,`qty_diterima` decimal(10,2)
,`selisih` decimal(10,2)
,`kondisi_terima` enum('lengkap','kurang','rusak','lebih')
,`alasan_selisih` text
,`status_penerimaan` varchar(14)
);

-- --------------------------------------------------------

--
-- Stand-in structure for view `v_margin_bulanan`
-- (See below for the actual view)
--
CREATE TABLE `v_margin_bulanan` (
`tahun` int(4)
,`bulan` int(2)
,`periode` varchar(7)
,`total_margin_bulan` decimal(37,2)
,`jumlah_hari` bigint(21)
,`jumlah_produk` bigint(21)
,`total_transaksi` decimal(32,0)
,`avg_margin_per_hari` decimal(19,6)
);

-- --------------------------------------------------------

--
-- Stand-in structure for view `v_margin_harian`
-- (See below for the actual view)
--
CREATE TABLE `v_margin_harian` (
`tanggal` date
,`produk_id` int(11)
,`kode_produk` varchar(50)
,`nama_produk` varchar(150)
,`nama_satuan` varchar(50)
,`total_qty` decimal(10,2)
,`total_margin` decimal(15,2)
,`avg_margin_per_unit` decimal(15,2)
,`jumlah_transaksi` int(11)
,`hpp` decimal(15,2)
,`harga_jual` decimal(15,2)
);

-- --------------------------------------------------------

--
-- Stand-in structure for view `v_menu_purchase_recommendation`
-- (See below for the actual view)
--
CREATE TABLE `v_menu_purchase_recommendation` (
`menu_id` int(11)
,`no_menu` varchar(50)
,`tanggal_menu` date
,`nama_menu` varchar(200)
,`detail_id` int(11)
,`produk_id` int(11)
,`kode_produk` varchar(50)
,`nama_produk` varchar(150)
,`nama_satuan` varchar(50)
,`qty_to_purchase` decimal(10,2)
,`market_recommendation` text
,`recommended_market` varchar(100)
,`recommended_price` decimal(15,2)
,`estimated_cost` decimal(25,4)
,`bulan` int(2)
,`tahun` int(4)
,`price_updated_at` datetime
);

-- --------------------------------------------------------

--
-- Stand-in structure for view `v_menu_stock_check`
-- (See below for the actual view)
--
CREATE TABLE `v_menu_stock_check` (
`menu_id` int(11)
,`no_menu` varchar(50)
,`tanggal_menu` date
,`nama_menu` varchar(200)
,`menu_status` enum('draft','approved','processing','completed','cancelled')
,`detail_id` int(11)
,`produk_id` int(11)
,`kode_produk` varchar(50)
,`nama_produk` varchar(150)
,`nama_satuan` varchar(50)
,`qty_needed` decimal(10,2)
,`warehouse_stock` decimal(32,2)
,`qty_from_warehouse` decimal(10,2)
,`qty_to_purchase` decimal(10,2)
,`stock_status` varchar(12)
,`warehouse_reserved` tinyint(1)
,`purchase_status` enum('pending','purchased','received')
,`distribution_status` enum('pending','distributed','completed')
);

-- --------------------------------------------------------

--
-- Stand-in structure for view `v_menu_summary`
-- (See below for the actual view)
--
CREATE TABLE `v_menu_summary` (
`id` int(11)
,`no_menu` varchar(50)
,`tanggal_menu` date
,`nama_menu` varchar(200)
,`total_porsi` int(11)
,`nama_kantor` varchar(100)
,`status` enum('draft','approved','processing','completed','cancelled')
,`created_by_name` varchar(100)
,`approved_by_name` varchar(100)
,`total_items` bigint(21)
,`items_to_purchase` decimal(22,0)
,`items_from_warehouse` decimal(22,0)
,`items_purchased` decimal(22,0)
,`items_distributed` decimal(22,0)
,`created_at` timestamp
,`approved_at` datetime
);

-- --------------------------------------------------------

--
-- Stand-in structure for view `v_rekomendasi_pembelian`
-- (See below for the actual view)
--
CREATE TABLE `v_rekomendasi_pembelian` (
`nama_produk` varchar(150)
,`kode_produk` varchar(50)
,`nama_satuan` varchar(50)
,`nama_pasar` varchar(100)
,`harga_pasar` decimal(15,2)
,`harga_sistem` decimal(15,2)
,`status_harga` varchar(13)
,`selisih_percent` decimal(22,2)
,`periode_harga` varchar(14)
,`update_terakhir` datetime
);

-- --------------------------------------------------------

--
-- Stand-in structure for view `v_stok_by_jenis`
-- (See below for the actual view)
--
CREATE TABLE `v_stok_by_jenis` (
`kode_jenis` varchar(20)
,`nama_jenis` varchar(100)
,`nama_kategori` varchar(100)
,`kode_produk` varchar(50)
,`nama_produk` varchar(150)
,`nama_satuan` varchar(50)
,`batch_number` varchar(50)
,`tanggal_expired` date
,`qty_stok` decimal(10,2)
,`qty_reserved` decimal(10,2)
,`qty_available` decimal(10,2)
,`lokasi_rak` varchar(50)
,`kondisi` enum('baik','rusak','expired','quarantine')
,`status_stok` varchar(12)
);

-- --------------------------------------------------------

--
-- Stand-in structure for view `v_supplier_termurah`
-- (See below for the actual view)
--
CREATE TABLE `v_supplier_termurah` (
`produk_id` int(11)
,`kode_produk` varchar(50)
,`nama_produk` varchar(150)
,`supplier_id` int(11)
,`nama_supplier` varchar(150)
,`harga_termurah` decimal(15,2)
,`harga_rata_rata` decimal(19,6)
,`jumlah_pembelian` bigint(21)
,`pembelian_terakhir` date
);

-- --------------------------------------------------------

--
-- Structure for view `v_analisis_harga_pasar`
--
DROP TABLE IF EXISTS `v_analisis_harga_pasar`;

CREATE ALGORITHM=UNDEFINED DEFINER=`root`@`localhost` SQL SECURITY DEFINER VIEW `v_analisis_harga_pasar`  AS SELECT `hp`.`id` AS `id`, `p`.`kode_produk` AS `kode_produk`, `p`.`nama_produk` AS `nama_produk`, `hp`.`nama_pasar` AS `nama_pasar`, concat(lpad(`hp`.`bulan`,2,'0'),'-',`hp`.`tahun`) AS `periode`, `hp`.`harga_terendah` AS `harga_terendah`, `hp`.`harga_tertinggi` AS `harga_tertinggi`, `hp`.`harga_rata_rata` AS `harga_rata_rata`, `hp`.`jumlah_hari_terdata` AS `jumlah_hari_terdata`, `hp`.`harga_tertinggi`- `hp`.`harga_terendah` AS `selisih_harga`, round((`hp`.`harga_tertinggi` - `hp`.`harga_terendah`) / `hp`.`harga_terendah` * 100,2) AS `volatilitas_percent`, `s`.`nama_satuan` AS `nama_satuan`, `hp`.`scraped_at` AS `scraped_at`, `hp`.`created_at` AS `created_at` FROM ((`harga_pasar` `hp` join `produk` `p` on(`hp`.`produk_id` = `p`.`id`)) join `satuan` `s` on(`p`.`satuan_id` = `s`.`id`)) ORDER BY `hp`.`tahun` DESC, `hp`.`bulan` DESC, `p`.`nama_produk` ASC, `hp`.`nama_pasar` ASC ;

-- --------------------------------------------------------

--
-- Structure for view `v_comparison_request_delivery`
--
DROP TABLE IF EXISTS `v_comparison_request_delivery`;

CREATE ALGORITHM=UNDEFINED DEFINER=`root`@`localhost` SQL SECURITY DEFINER VIEW `v_comparison_request_delivery`  AS SELECT `d`.`id` AS `distribusi_id`, `d`.`no_surat_jalan` AS `no_surat_jalan`, `d`.`tanggal_kirim` AS `tanggal_kirim`, `d`.`tanggal_terima` AS `tanggal_terima`, `d`.`status` AS `status`, `k`.`kode_kantor` AS `kode_kantor`, `k`.`nama_kantor` AS `nama_kantor`, `r`.`no_request` AS `no_request`, `jb`.`nama_jenis` AS `jenis_barang`, `kt`.`nama_kategori` AS `nama_kategori`, `p`.`kode_produk` AS `kode_produk`, `p`.`nama_produk` AS `nama_produk`, `s`.`nama_satuan` AS `nama_satuan`, `rd`.`qty_request` AS `qty_diminta`, `dd`.`qty_kirim` AS `qty_dikirim`, `dd`.`qty_terima` AS `qty_diterima`, `dd`.`selisih` AS `selisih`, `dd`.`kondisi_terima` AS `kondisi_terima`, `dd`.`alasan_selisih` AS `alasan_selisih`, CASE WHEN `dd`.`qty_terima` is null THEN 'Belum Diterima' WHEN `dd`.`selisih` = 0 THEN 'Sesuai' WHEN `dd`.`selisih` > 0 THEN 'Lebih' WHEN `dd`.`selisih` < 0 THEN 'Kurang' END AS `status_penerimaan` FROM ((((((((`distribusi` `d` left join `kantor` `k` on(`d`.`kantor_id` = `k`.`id`)) left join `request` `r` on(`d`.`request_id` = `r`.`id`)) join `distribusi_detail` `dd` on(`d`.`id` = `dd`.`distribusi_id`)) join `produk` `p` on(`dd`.`produk_id` = `p`.`id`)) join `jenis_barang` `jb` on(`p`.`jenis_barang_id` = `jb`.`id`)) join `kategori` `kt` on(`p`.`kategori_id` = `kt`.`id`)) join `satuan` `s` on(`p`.`satuan_id` = `s`.`id`)) left join `request_detail` `rd` on(`r`.`id` = `rd`.`request_id` and `dd`.`produk_id` = `rd`.`produk_id`)) ORDER BY `d`.`tanggal_kirim` DESC, `d`.`no_surat_jalan` ASC, `p`.`nama_produk` ASC ;

-- --------------------------------------------------------

--
-- Structure for view `v_margin_bulanan`
--
DROP TABLE IF EXISTS `v_margin_bulanan`;

CREATE ALGORITHM=UNDEFINED DEFINER=`root`@`localhost` SQL SECURITY DEFINER VIEW `v_margin_bulanan`  AS SELECT year(`ms`.`tanggal`) AS `tahun`, month(`ms`.`tanggal`) AS `bulan`, date_format(`ms`.`tanggal`,'%Y-%m') AS `periode`, sum(`ms`.`total_margin`) AS `total_margin_bulan`, count(distinct `ms`.`tanggal`) AS `jumlah_hari`, count(distinct `ms`.`produk_id`) AS `jumlah_produk`, sum(`ms`.`jumlah_transaksi`) AS `total_transaksi`, avg(`ms`.`total_margin`) AS `avg_margin_per_hari` FROM `margin_summary` AS `ms` GROUP BY year(`ms`.`tanggal`), month(`ms`.`tanggal`) ORDER BY year(`ms`.`tanggal`) DESC, month(`ms`.`tanggal`) DESC ;

-- --------------------------------------------------------

--
-- Structure for view `v_margin_harian`
--
DROP TABLE IF EXISTS `v_margin_harian`;

CREATE ALGORITHM=UNDEFINED DEFINER=`root`@`localhost` SQL SECURITY DEFINER VIEW `v_margin_harian`  AS SELECT `ms`.`tanggal` AS `tanggal`, `ms`.`produk_id` AS `produk_id`, `p`.`kode_produk` AS `kode_produk`, `p`.`nama_produk` AS `nama_produk`, `s`.`nama_satuan` AS `nama_satuan`, `ms`.`total_qty` AS `total_qty`, `ms`.`total_margin` AS `total_margin`, `ms`.`avg_margin_per_unit` AS `avg_margin_per_unit`, `ms`.`jumlah_transaksi` AS `jumlah_transaksi`, `p`.`harga_beli` AS `hpp`, `p`.`harga_jual_2` AS `harga_jual` FROM ((`margin_summary` `ms` join `produk` `p` on(`ms`.`produk_id` = `p`.`id`)) join `satuan` `s` on(`p`.`satuan_id` = `s`.`id`)) ORDER BY `ms`.`tanggal` DESC, `ms`.`total_margin` DESC ;

-- --------------------------------------------------------

--
-- Structure for view `v_menu_purchase_recommendation`
--
DROP TABLE IF EXISTS `v_menu_purchase_recommendation`;

CREATE ALGORITHM=UNDEFINED DEFINER=`root`@`localhost` SQL SECURITY DEFINER VIEW `v_menu_purchase_recommendation`  AS SELECT `mh`.`id` AS `menu_id`, `mh`.`no_menu` AS `no_menu`, `mh`.`tanggal_menu` AS `tanggal_menu`, `mh`.`nama_menu` AS `nama_menu`, `mhd`.`id` AS `detail_id`, `p`.`id` AS `produk_id`, `p`.`kode_produk` AS `kode_produk`, `p`.`nama_produk` AS `nama_produk`, `s`.`nama_satuan` AS `nama_satuan`, `mhd`.`qty_to_purchase` AS `qty_to_purchase`, `mhd`.`market_recommendation` AS `market_recommendation`, `hp`.`nama_pasar` AS `recommended_market`, `hp`.`harga_terendah` AS `recommended_price`, `mhd`.`qty_to_purchase`* `hp`.`harga_terendah` AS `estimated_cost`, `hp`.`bulan` AS `bulan`, `hp`.`tahun` AS `tahun`, `hp`.`scraped_at` AS `price_updated_at` FROM ((((`menu_harian` `mh` join `menu_harian_detail` `mhd` on(`mh`.`id` = `mhd`.`menu_id`)) join `produk` `p` on(`mhd`.`produk_id` = `p`.`id`)) join `satuan` `s` on(`p`.`satuan_id` = `s`.`id`)) left join `harga_pasar` `hp` on(`p`.`id` = `hp`.`produk_id` and `hp`.`bulan` = month(`mh`.`tanggal_menu`) and `hp`.`tahun` = year(`mh`.`tanggal_menu`) and `hp`.`harga_terendah` = (select min(`hp2`.`harga_terendah`) from `harga_pasar` `hp2` where `hp2`.`produk_id` = `p`.`id` and `hp2`.`bulan` = month(`mh`.`tanggal_menu`) and `hp2`.`tahun` = year(`mh`.`tanggal_menu`)))) WHERE `mhd`.`qty_to_purchase` > 0 ORDER BY `mh`.`tanggal_menu` DESC, `mhd`.`qty_to_purchase`* `hp`.`harga_terendah` DESC ;

-- --------------------------------------------------------

--
-- Structure for view `v_menu_stock_check`
--
DROP TABLE IF EXISTS `v_menu_stock_check`;

CREATE ALGORITHM=UNDEFINED DEFINER=`root`@`localhost` SQL SECURITY DEFINER VIEW `v_menu_stock_check`  AS SELECT `mh`.`id` AS `menu_id`, `mh`.`no_menu` AS `no_menu`, `mh`.`tanggal_menu` AS `tanggal_menu`, `mh`.`nama_menu` AS `nama_menu`, `mh`.`status` AS `menu_status`, `mhd`.`id` AS `detail_id`, `p`.`id` AS `produk_id`, `p`.`kode_produk` AS `kode_produk`, `p`.`nama_produk` AS `nama_produk`, `s`.`nama_satuan` AS `nama_satuan`, `mhd`.`qty_needed` AS `qty_needed`, coalesce(sum(`gs`.`qty_available`),0) AS `warehouse_stock`, `mhd`.`qty_from_warehouse` AS `qty_from_warehouse`, `mhd`.`qty_to_purchase` AS `qty_to_purchase`, CASE WHEN coalesce(sum(`gs`.`qty_available`),0) >= `mhd`.`qty_needed` THEN 'sufficient' WHEN coalesce(sum(`gs`.`qty_available`),0) > 0 THEN 'partial' ELSE 'insufficient' END AS `stock_status`, `mhd`.`warehouse_reserved` AS `warehouse_reserved`, `mhd`.`purchase_status` AS `purchase_status`, `mhd`.`distribution_status` AS `distribution_status` FROM ((((`menu_harian` `mh` join `menu_harian_detail` `mhd` on(`mh`.`id` = `mhd`.`menu_id`)) join `produk` `p` on(`mhd`.`produk_id` = `p`.`id`)) join `satuan` `s` on(`p`.`satuan_id` = `s`.`id`)) left join `gudang_stok` `gs` on(`p`.`id` = `gs`.`produk_id` and `gs`.`kondisi` = 'baik')) GROUP BY `mh`.`id`, `mhd`.`id`, `p`.`id`, `s`.`id` ORDER BY `mh`.`tanggal_menu` DESC, `p`.`nama_produk` ASC ;

-- --------------------------------------------------------

--
-- Structure for view `v_menu_summary`
--
DROP TABLE IF EXISTS `v_menu_summary`;

CREATE ALGORITHM=UNDEFINED DEFINER=`root`@`localhost` SQL SECURITY DEFINER VIEW `v_menu_summary`  AS SELECT `mh`.`id` AS `id`, `mh`.`no_menu` AS `no_menu`, `mh`.`tanggal_menu` AS `tanggal_menu`, `mh`.`nama_menu` AS `nama_menu`, `mh`.`total_porsi` AS `total_porsi`, `k`.`nama_kantor` AS `nama_kantor`, `mh`.`status` AS `status`, `u1`.`nama_lengkap` AS `created_by_name`, `u2`.`nama_lengkap` AS `approved_by_name`, count(`mhd`.`id`) AS `total_items`, sum(case when `mhd`.`qty_to_purchase` > 0 then 1 else 0 end) AS `items_to_purchase`, sum(case when `mhd`.`warehouse_reserved` = 1 then 1 else 0 end) AS `items_from_warehouse`, sum(case when `mhd`.`purchase_status` = 'purchased' then 1 else 0 end) AS `items_purchased`, sum(case when `mhd`.`distribution_status` = 'completed' then 1 else 0 end) AS `items_distributed`, `mh`.`created_at` AS `created_at`, `mh`.`approved_at` AS `approved_at` FROM ((((`menu_harian` `mh` left join `kantor` `k` on(`mh`.`kantor_id` = `k`.`id`)) left join `users` `u1` on(`mh`.`created_by` = `u1`.`id`)) left join `users` `u2` on(`mh`.`approved_by` = `u2`.`id`)) left join `menu_harian_detail` `mhd` on(`mh`.`id` = `mhd`.`menu_id`)) GROUP BY `mh`.`id` ORDER BY `mh`.`tanggal_menu` DESC ;

-- --------------------------------------------------------

--
-- Structure for view `v_rekomendasi_pembelian`
--
DROP TABLE IF EXISTS `v_rekomendasi_pembelian`;

CREATE ALGORITHM=UNDEFINED DEFINER=`root`@`localhost` SQL SECURITY DEFINER VIEW `v_rekomendasi_pembelian`  AS SELECT `p`.`nama_produk` AS `nama_produk`, `p`.`kode_produk` AS `kode_produk`, `s`.`nama_satuan` AS `nama_satuan`, `hp`.`nama_pasar` AS `nama_pasar`, `hp`.`harga_terendah` AS `harga_pasar`, `p`.`harga_estimasi` AS `harga_sistem`, CASE WHEN `hp`.`harga_terendah` < `p`.`harga_estimasi` * 0.9 THEN 'DIBAWAH_HARGA' WHEN `hp`.`harga_terendah` > `p`.`harga_estimasi` * 1.1 THEN 'DIATAS_HARGA' ELSE 'NORMAL' END AS `status_harga`, round(abs(`hp`.`harga_terendah` - `p`.`harga_estimasi`) / `p`.`harga_estimasi` * 100,2) AS `selisih_percent`, concat(lpad(`hp`.`bulan`,2,'0'),'-',`hp`.`tahun`) AS `periode_harga`, `hp`.`scraped_at` AS `update_terakhir` FROM ((`harga_pasar` `hp` join `produk` `p` on(`hp`.`produk_id` = `p`.`id`)) join `satuan` `s` on(`p`.`satuan_id` = `s`.`id`)) ORDER BY CASE WHEN `hp`.`harga_terendah` < `p`.`harga_estimasi` * 0.9 THEN 'DIBAWAH_HARGA' WHEN `hp`.`harga_terendah` > `p`.`harga_estimasi` * 1.1 THEN 'DIATAS_HARGA' ELSE 'NORMAL' END ASC, round(abs(`hp`.`harga_terendah` - `p`.`harga_estimasi`) / `p`.`harga_estimasi` * 100,2) DESC ;

-- --------------------------------------------------------

--
-- Structure for view `v_stok_by_jenis`
--
DROP TABLE IF EXISTS `v_stok_by_jenis`;

CREATE ALGORITHM=UNDEFINED DEFINER=`root`@`localhost` SQL SECURITY DEFINER VIEW `v_stok_by_jenis`  AS SELECT `jb`.`kode_jenis` AS `kode_jenis`, `jb`.`nama_jenis` AS `nama_jenis`, `kt`.`nama_kategori` AS `nama_kategori`, `p`.`kode_produk` AS `kode_produk`, `p`.`nama_produk` AS `nama_produk`, `s`.`nama_satuan` AS `nama_satuan`, `gs`.`batch_number` AS `batch_number`, `gs`.`tanggal_expired` AS `tanggal_expired`, `gs`.`qty_stok` AS `qty_stok`, `gs`.`qty_reserved` AS `qty_reserved`, `gs`.`qty_available` AS `qty_available`, `gs`.`lokasi_rak` AS `lokasi_rak`, `gs`.`kondisi` AS `kondisi`, CASE WHEN `gs`.`tanggal_expired` is not null AND `gs`.`tanggal_expired` <= curdate() THEN 'EXPIRED' WHEN `gs`.`tanggal_expired` is not null AND `gs`.`tanggal_expired` <= curdate() + interval 30 day THEN 'AKAN EXPIRED' WHEN `gs`.`qty_available` <= `p`.`stok_minimum` THEN 'STOK MENIPIS' WHEN `gs`.`kondisi` = 'rusak' THEN 'RUSAK' ELSE 'NORMAL' END AS `status_stok` FROM ((((`gudang_stok` `gs` join `produk` `p` on(`gs`.`produk_id` = `p`.`id`)) join `jenis_barang` `jb` on(`p`.`jenis_barang_id` = `jb`.`id`)) join `kategori` `kt` on(`p`.`kategori_id` = `kt`.`id`)) join `satuan` `s` on(`p`.`satuan_id` = `s`.`id`)) ORDER BY `jb`.`nama_jenis` ASC, `kt`.`nama_kategori` ASC, `p`.`nama_produk` ASC ;

-- --------------------------------------------------------

--
-- Structure for view `v_supplier_termurah`
--
DROP TABLE IF EXISTS `v_supplier_termurah`;

CREATE ALGORITHM=UNDEFINED DEFINER=`root`@`localhost` SQL SECURITY DEFINER VIEW `v_supplier_termurah`  AS SELECT `p`.`id` AS `produk_id`, `p`.`kode_produk` AS `kode_produk`, `p`.`nama_produk` AS `nama_produk`, `pb`.`supplier_id` AS `supplier_id`, `sup`.`nama_supplier` AS `nama_supplier`, min(`pd`.`harga_satuan`) AS `harga_termurah`, avg(`pd`.`harga_satuan`) AS `harga_rata_rata`, count(distinct `pb`.`id`) AS `jumlah_pembelian`, max(`pb`.`tanggal`) AS `pembelian_terakhir` FROM (((`produk` `p` left join `pembelanjaan_detail` `pd` on(`p`.`id` = `pd`.`produk_id`)) left join `pembelanjaan` `pb` on(`pd`.`pembelanjaan_id` = `pb`.`id`)) left join `supplier` `sup` on(`pb`.`supplier_id` = `sup`.`id`)) WHERE `pb`.`status` = 'selesai' GROUP BY `p`.`id`, `pb`.`supplier_id`, `sup`.`nama_supplier` ORDER BY `p`.`nama_produk` ASC, min(`pd`.`harga_satuan`) ASC ;

--
-- Indexes for dumped tables
--

--
-- Indexes for table `distribusi`
--
ALTER TABLE `distribusi`
  ADD PRIMARY KEY (`id`),
  ADD UNIQUE KEY `no_surat_jalan` (`no_surat_jalan`),
  ADD UNIQUE KEY `qr_code` (`qr_code`),
  ADD KEY `request_id` (`request_id`),
  ADD KEY `kantor_id` (`kantor_id`),
  ADD KEY `pengirim_id` (`pengirim_id`),
  ADD KEY `penerima_user_id` (`penerima_user_id`);

--
-- Indexes for table `distribusi_detail`
--
ALTER TABLE `distribusi_detail`
  ADD PRIMARY KEY (`id`),
  ADD KEY `distribusi_id` (`distribusi_id`),
  ADD KEY `produk_id` (`produk_id`);

--
-- Indexes for table `gudang_stok`
--
ALTER TABLE `gudang_stok`
  ADD PRIMARY KEY (`id`),
  ADD KEY `produk_id` (`produk_id`),
  ADD KEY `batch_number` (`batch_number`),
  ADD KEY `tanggal_expired` (`tanggal_expired`);

--
-- Indexes for table `harga_pasar`
--
ALTER TABLE `harga_pasar`
  ADD PRIMARY KEY (`id`),
  ADD UNIQUE KEY `unique_pasar_produk_periode` (`produk_id`,`pasar_id`,`bulan`,`tahun`),
  ADD KEY `produk_id` (`produk_id`),
  ADD KEY `pasar_id` (`pasar_id`),
  ADD KEY `periode` (`tahun`,`bulan`);

--
-- Indexes for table `jenis_barang`
--
ALTER TABLE `jenis_barang`
  ADD PRIMARY KEY (`id`),
  ADD UNIQUE KEY `kode_jenis` (`kode_jenis`);

--
-- Indexes for table `kantor`
--
ALTER TABLE `kantor`
  ADD PRIMARY KEY (`id`),
  ADD UNIQUE KEY `kode_kantor` (`kode_kantor`);

--
-- Indexes for table `kartu_stok`
--
ALTER TABLE `kartu_stok`
  ADD PRIMARY KEY (`id`),
  ADD KEY `produk_id` (`produk_id`),
  ADD KEY `user_id` (`user_id`);

--
-- Indexes for table `kategori`
--
ALTER TABLE `kategori`
  ADD PRIMARY KEY (`id`),
  ADD UNIQUE KEY `kode_kategori` (`kode_kategori`),
  ADD KEY `jenis_barang_id` (`jenis_barang_id`),
  ADD KEY `parent_id` (`parent_id`);

--
-- Indexes for table `logs`
--
ALTER TABLE `logs`
  ADD PRIMARY KEY (`id`),
  ADD KEY `idx_user` (`user_id`),
  ADD KEY `idx_module` (`module`),
  ADD KEY `idx_created` (`created_at`);

--
-- Indexes for table `log_activity`
--
ALTER TABLE `log_activity`
  ADD PRIMARY KEY (`id`),
  ADD KEY `user_id` (`user_id`);

--
-- Indexes for table `log_scan_qr`
--
ALTER TABLE `log_scan_qr`
  ADD PRIMARY KEY (`id`),
  ADD KEY `qr_code` (`qr_code`),
  ADD KEY `distribusi_id` (`distribusi_id`),
  ADD KEY `user_id` (`user_id`);

--
-- Indexes for table `margin_summary`
--
ALTER TABLE `margin_summary`
  ADD PRIMARY KEY (`id`),
  ADD UNIQUE KEY `unique_daily_product` (`tanggal`,`produk_id`),
  ADD KEY `idx_tanggal` (`tanggal`),
  ADD KEY `idx_produk` (`produk_id`);

--
-- Indexes for table `menu_harian`
--
ALTER TABLE `menu_harian`
  ADD PRIMARY KEY (`id`),
  ADD UNIQUE KEY `no_menu` (`no_menu`),
  ADD KEY `tanggal_menu` (`tanggal_menu`),
  ADD KEY `status` (`status`),
  ADD KEY `kantor_id` (`kantor_id`),
  ADD KEY `created_by` (`created_by`),
  ADD KEY `approved_by` (`approved_by`),
  ADD KEY `menu_harian_ibfk_master` (`menu_master_id`);

--
-- Indexes for table `menu_harian_detail`
--
ALTER TABLE `menu_harian_detail`
  ADD PRIMARY KEY (`id`),
  ADD KEY `menu_id` (`menu_id`),
  ADD KEY `produk_id` (`produk_id`),
  ADD KEY `pembelanjaan_id` (`pembelanjaan_id`),
  ADD KEY `resep_id` (`resep_id`);

--
-- Indexes for table `menu_master`
--
ALTER TABLE `menu_master`
  ADD PRIMARY KEY (`id`);

--
-- Indexes for table `menu_master_detail`
--
ALTER TABLE `menu_master_detail`
  ADD PRIMARY KEY (`id`),
  ADD KEY `menu_master_id` (`menu_master_id`),
  ADD KEY `produk_id` (`produk_id`),
  ADD KEY `resep_id` (`resep_id`);

--
-- Indexes for table `pembayaran_piutang`
--
ALTER TABLE `pembayaran_piutang`
  ADD PRIMARY KEY (`id`),
  ADD KEY `piutang_id` (`piutang_id`),
  ADD KEY `user_id` (`user_id`);

--
-- Indexes for table `pembelanjaan`
--
ALTER TABLE `pembelanjaan`
  ADD PRIMARY KEY (`id`),
  ADD UNIQUE KEY `no_pembelanjaan` (`no_pembelanjaan`),
  ADD KEY `supplier_id` (`supplier_id`),
  ADD KEY `request_id` (`request_id`),
  ADD KEY `user_id` (`user_id`);

--
-- Indexes for table `pembelanjaan_detail`
--
ALTER TABLE `pembelanjaan_detail`
  ADD PRIMARY KEY (`id`),
  ADD KEY `pembelanjaan_id` (`pembelanjaan_id`),
  ADD KEY `produk_id` (`produk_id`);

--
-- Indexes for table `penerimaan_barang`
--
ALTER TABLE `penerimaan_barang`
  ADD PRIMARY KEY (`id`),
  ADD UNIQUE KEY `no_penerimaan` (`no_penerimaan`),
  ADD KEY `pembelanjaan_id` (`pembelanjaan_id`),
  ADD KEY `supplier_id` (`supplier_id`),
  ADD KEY `penerima_id` (`penerima_id`);

--
-- Indexes for table `penerimaan_detail`
--
ALTER TABLE `penerimaan_detail`
  ADD PRIMARY KEY (`id`),
  ADD KEY `penerimaan_id` (`penerimaan_id`),
  ADD KEY `produk_id` (`produk_id`);

--
-- Indexes for table `piutang`
--
ALTER TABLE `piutang`
  ADD PRIMARY KEY (`id`),
  ADD UNIQUE KEY `no_piutang` (`no_piutang`),
  ADD KEY `kantor_id` (`kantor_id`),
  ADD KEY `distribusi_id` (`distribusi_id`);

--
-- Indexes for table `produk`
--
ALTER TABLE `produk`
  ADD PRIMARY KEY (`id`),
  ADD UNIQUE KEY `kode_produk` (`kode_produk`),
  ADD KEY `jenis_barang_id` (`jenis_barang_id`),
  ADD KEY `kategori_id` (`kategori_id`),
  ADD KEY `satuan_id` (`satuan_id`),
  ADD KEY `fk_produk_supplier` (`supplier_id`);

--
-- Indexes for table `request`
--
ALTER TABLE `request`
  ADD PRIMARY KEY (`id`),
  ADD UNIQUE KEY `no_request` (`no_request`),
  ADD KEY `kantor_id` (`kantor_id`),
  ADD KEY `user_id` (`user_id`),
  ADD KEY `approved_by` (`approved_by`);

--
-- Indexes for table `request_detail`
--
ALTER TABLE `request_detail`
  ADD PRIMARY KEY (`id`),
  ADD KEY `request_id` (`request_id`),
  ADD KEY `produk_id` (`produk_id`);

--
-- Indexes for table `resep`
--
ALTER TABLE `resep`
  ADD PRIMARY KEY (`id`),
  ADD UNIQUE KEY `kode_resep` (`kode_resep`);

--
-- Indexes for table `resep_detail`
--
ALTER TABLE `resep_detail`
  ADD PRIMARY KEY (`id`),
  ADD KEY `resep_id` (`resep_id`),
  ADD KEY `produk_id` (`produk_id`);

--
-- Indexes for table `satuan`
--
ALTER TABLE `satuan`
  ADD PRIMARY KEY (`id`);

--
-- Indexes for table `scraping_log`
--
ALTER TABLE `scraping_log`
  ADD PRIMARY KEY (`id`),
  ADD KEY `periode` (`tahun`,`bulan`);

--
-- Indexes for table `settings`
--
ALTER TABLE `settings`
  ADD PRIMARY KEY (`id`),
  ADD UNIQUE KEY `setting_key` (`setting_key`);

--
-- Indexes for table `stok_opname`
--
ALTER TABLE `stok_opname`
  ADD PRIMARY KEY (`id`),
  ADD UNIQUE KEY `no_opname` (`no_opname`),
  ADD KEY `pic_id` (`pic_id`),
  ADD KEY `approved_by` (`approved_by`);

--
-- Indexes for table `stok_opname_detail`
--
ALTER TABLE `stok_opname_detail`
  ADD PRIMARY KEY (`id`),
  ADD KEY `opname_id` (`opname_id`),
  ADD KEY `produk_id` (`produk_id`);

--
-- Indexes for table `supplier`
--
ALTER TABLE `supplier`
  ADD PRIMARY KEY (`id`),
  ADD UNIQUE KEY `kode_supplier` (`kode_supplier`);

--
-- Indexes for table `users`
--
ALTER TABLE `users`
  ADD PRIMARY KEY (`id`),
  ADD UNIQUE KEY `username` (`username`);

--
-- AUTO_INCREMENT for dumped tables
--

--
-- AUTO_INCREMENT for table `distribusi`
--
ALTER TABLE `distribusi`
  MODIFY `id` int(11) NOT NULL AUTO_INCREMENT, AUTO_INCREMENT=3;

--
-- AUTO_INCREMENT for table `distribusi_detail`
--
ALTER TABLE `distribusi_detail`
  MODIFY `id` int(11) NOT NULL AUTO_INCREMENT, AUTO_INCREMENT=3;

--
-- AUTO_INCREMENT for table `gudang_stok`
--
ALTER TABLE `gudang_stok`
  MODIFY `id` int(11) NOT NULL AUTO_INCREMENT, AUTO_INCREMENT=3;

--
-- AUTO_INCREMENT for table `harga_pasar`
--
ALTER TABLE `harga_pasar`
  MODIFY `id` int(11) NOT NULL AUTO_INCREMENT, AUTO_INCREMENT=861;

--
-- AUTO_INCREMENT for table `jenis_barang`
--
ALTER TABLE `jenis_barang`
  MODIFY `id` int(11) NOT NULL AUTO_INCREMENT, AUTO_INCREMENT=4;

--
-- AUTO_INCREMENT for table `kantor`
--
ALTER TABLE `kantor`
  MODIFY `id` int(11) NOT NULL AUTO_INCREMENT, AUTO_INCREMENT=7;

--
-- AUTO_INCREMENT for table `kartu_stok`
--
ALTER TABLE `kartu_stok`
  MODIFY `id` int(11) NOT NULL AUTO_INCREMENT, AUTO_INCREMENT=5;

--
-- AUTO_INCREMENT for table `kategori`
--
ALTER TABLE `kategori`
  MODIFY `id` int(11) NOT NULL AUTO_INCREMENT, AUTO_INCREMENT=12;

--
-- AUTO_INCREMENT for table `logs`
--
ALTER TABLE `logs`
  MODIFY `id` int(11) NOT NULL AUTO_INCREMENT, AUTO_INCREMENT=34;

--
-- AUTO_INCREMENT for table `log_activity`
--
ALTER TABLE `log_activity`
  MODIFY `id` int(11) NOT NULL AUTO_INCREMENT, AUTO_INCREMENT=23;

--
-- AUTO_INCREMENT for table `log_scan_qr`
--
ALTER TABLE `log_scan_qr`
  MODIFY `id` int(11) NOT NULL AUTO_INCREMENT;

--
-- AUTO_INCREMENT for table `margin_summary`
--
ALTER TABLE `margin_summary`
  MODIFY `id` int(11) NOT NULL AUTO_INCREMENT;

--
-- AUTO_INCREMENT for table `menu_harian`
--
ALTER TABLE `menu_harian`
  MODIFY `id` int(11) NOT NULL AUTO_INCREMENT, AUTO_INCREMENT=16;

--
-- AUTO_INCREMENT for table `menu_harian_detail`
--
ALTER TABLE `menu_harian_detail`
  MODIFY `id` int(11) NOT NULL AUTO_INCREMENT, AUTO_INCREMENT=17;

--
-- AUTO_INCREMENT for table `menu_master`
--
ALTER TABLE `menu_master`
  MODIFY `id` int(11) NOT NULL AUTO_INCREMENT, AUTO_INCREMENT=55;

--
-- AUTO_INCREMENT for table `menu_master_detail`
--
ALTER TABLE `menu_master_detail`
  MODIFY `id` int(11) NOT NULL AUTO_INCREMENT, AUTO_INCREMENT=928;

--
-- AUTO_INCREMENT for table `pembayaran_piutang`
--
ALTER TABLE `pembayaran_piutang`
  MODIFY `id` int(11) NOT NULL AUTO_INCREMENT;

--
-- AUTO_INCREMENT for table `pembelanjaan`
--
ALTER TABLE `pembelanjaan`
  MODIFY `id` int(11) NOT NULL AUTO_INCREMENT, AUTO_INCREMENT=3;

--
-- AUTO_INCREMENT for table `pembelanjaan_detail`
--
ALTER TABLE `pembelanjaan_detail`
  MODIFY `id` int(11) NOT NULL AUTO_INCREMENT, AUTO_INCREMENT=3;

--
-- AUTO_INCREMENT for table `penerimaan_barang`
--
ALTER TABLE `penerimaan_barang`
  MODIFY `id` int(11) NOT NULL AUTO_INCREMENT, AUTO_INCREMENT=3;

--
-- AUTO_INCREMENT for table `penerimaan_detail`
--
ALTER TABLE `penerimaan_detail`
  MODIFY `id` int(11) NOT NULL AUTO_INCREMENT, AUTO_INCREMENT=3;

--
-- AUTO_INCREMENT for table `piutang`
--
ALTER TABLE `piutang`
  MODIFY `id` int(11) NOT NULL AUTO_INCREMENT;

--
-- AUTO_INCREMENT for table `produk`
--
ALTER TABLE `produk`
  MODIFY `id` int(11) NOT NULL AUTO_INCREMENT, AUTO_INCREMENT=65;

--
-- AUTO_INCREMENT for table `request`
--
ALTER TABLE `request`
  MODIFY `id` int(11) NOT NULL AUTO_INCREMENT, AUTO_INCREMENT=4;

--
-- AUTO_INCREMENT for table `request_detail`
--
ALTER TABLE `request_detail`
  MODIFY `id` int(11) NOT NULL AUTO_INCREMENT, AUTO_INCREMENT=4;

--
-- AUTO_INCREMENT for table `resep`
--
ALTER TABLE `resep`
  MODIFY `id` int(11) NOT NULL AUTO_INCREMENT;

--
-- AUTO_INCREMENT for table `resep_detail`
--
ALTER TABLE `resep_detail`
  MODIFY `id` int(11) NOT NULL AUTO_INCREMENT;

--
-- AUTO_INCREMENT for table `satuan`
--
ALTER TABLE `satuan`
  MODIFY `id` int(11) NOT NULL AUTO_INCREMENT, AUTO_INCREMENT=9;

--
-- AUTO_INCREMENT for table `scraping_log`
--
ALTER TABLE `scraping_log`
  MODIFY `id` int(11) NOT NULL AUTO_INCREMENT, AUTO_INCREMENT=4;

--
-- AUTO_INCREMENT for table `settings`
--
ALTER TABLE `settings`
  MODIFY `id` int(11) NOT NULL AUTO_INCREMENT, AUTO_INCREMENT=15;

--
-- AUTO_INCREMENT for table `stok_opname`
--
ALTER TABLE `stok_opname`
  MODIFY `id` int(11) NOT NULL AUTO_INCREMENT;

--
-- AUTO_INCREMENT for table `stok_opname_detail`
--
ALTER TABLE `stok_opname_detail`
  MODIFY `id` int(11) NOT NULL AUTO_INCREMENT;

--
-- AUTO_INCREMENT for table `supplier`
--
ALTER TABLE `supplier`
  MODIFY `id` int(11) NOT NULL AUTO_INCREMENT, AUTO_INCREMENT=2;

--
-- AUTO_INCREMENT for table `users`
--
ALTER TABLE `users`
  MODIFY `id` int(11) NOT NULL AUTO_INCREMENT, AUTO_INCREMENT=4;

--
-- Constraints for dumped tables
--

--
-- Constraints for table `distribusi`
--
ALTER TABLE `distribusi`
  ADD CONSTRAINT `distribusi_ibfk_1` FOREIGN KEY (`request_id`) REFERENCES `request` (`id`),
  ADD CONSTRAINT `distribusi_ibfk_2` FOREIGN KEY (`kantor_id`) REFERENCES `kantor` (`id`),
  ADD CONSTRAINT `distribusi_ibfk_3` FOREIGN KEY (`pengirim_id`) REFERENCES `users` (`id`),
  ADD CONSTRAINT `distribusi_ibfk_4` FOREIGN KEY (`penerima_user_id`) REFERENCES `users` (`id`);

--
-- Constraints for table `distribusi_detail`
--
ALTER TABLE `distribusi_detail`
  ADD CONSTRAINT `distribusi_detail_ibfk_1` FOREIGN KEY (`distribusi_id`) REFERENCES `distribusi` (`id`) ON DELETE CASCADE,
  ADD CONSTRAINT `distribusi_detail_ibfk_2` FOREIGN KEY (`produk_id`) REFERENCES `produk` (`id`);

--
-- Constraints for table `gudang_stok`
--
ALTER TABLE `gudang_stok`
  ADD CONSTRAINT `gudang_stok_ibfk_1` FOREIGN KEY (`produk_id`) REFERENCES `produk` (`id`);

--
-- Constraints for table `harga_pasar`
--
ALTER TABLE `harga_pasar`
  ADD CONSTRAINT `harga_pasar_ibfk_1` FOREIGN KEY (`produk_id`) REFERENCES `produk` (`id`) ON DELETE CASCADE;

--
-- Constraints for table `kartu_stok`
--
ALTER TABLE `kartu_stok`
  ADD CONSTRAINT `kartu_stok_ibfk_1` FOREIGN KEY (`produk_id`) REFERENCES `produk` (`id`),
  ADD CONSTRAINT `kartu_stok_ibfk_2` FOREIGN KEY (`user_id`) REFERENCES `users` (`id`);

--
-- Constraints for table `kategori`
--
ALTER TABLE `kategori`
  ADD CONSTRAINT `kategori_ibfk_1` FOREIGN KEY (`jenis_barang_id`) REFERENCES `jenis_barang` (`id`),
  ADD CONSTRAINT `kategori_ibfk_2` FOREIGN KEY (`parent_id`) REFERENCES `kategori` (`id`) ON DELETE SET NULL;

--
-- Constraints for table `log_activity`
--
ALTER TABLE `log_activity`
  ADD CONSTRAINT `log_activity_ibfk_1` FOREIGN KEY (`user_id`) REFERENCES `users` (`id`);

--
-- Constraints for table `log_scan_qr`
--
ALTER TABLE `log_scan_qr`
  ADD CONSTRAINT `log_scan_qr_ibfk_1` FOREIGN KEY (`distribusi_id`) REFERENCES `distribusi` (`id`),
  ADD CONSTRAINT `log_scan_qr_ibfk_2` FOREIGN KEY (`user_id`) REFERENCES `users` (`id`);

--
-- Constraints for table `margin_summary`
--
ALTER TABLE `margin_summary`
  ADD CONSTRAINT `fk_margin_summary_produk` FOREIGN KEY (`produk_id`) REFERENCES `produk` (`id`) ON DELETE CASCADE;

--
-- Constraints for table `menu_harian`
--
ALTER TABLE `menu_harian`
  ADD CONSTRAINT `menu_harian_ibfk_1` FOREIGN KEY (`created_by`) REFERENCES `users` (`id`),
  ADD CONSTRAINT `menu_harian_ibfk_2` FOREIGN KEY (`approved_by`) REFERENCES `users` (`id`),
  ADD CONSTRAINT `menu_harian_ibfk_3` FOREIGN KEY (`kantor_id`) REFERENCES `kantor` (`id`),
  ADD CONSTRAINT `menu_harian_ibfk_master` FOREIGN KEY (`menu_master_id`) REFERENCES `menu_master` (`id`) ON DELETE SET NULL;

--
-- Constraints for table `menu_harian_detail`
--
ALTER TABLE `menu_harian_detail`
  ADD CONSTRAINT `menu_harian_detail_ibfk_1` FOREIGN KEY (`menu_id`) REFERENCES `menu_harian` (`id`) ON DELETE CASCADE,
  ADD CONSTRAINT `menu_harian_detail_ibfk_2` FOREIGN KEY (`produk_id`) REFERENCES `produk` (`id`),
  ADD CONSTRAINT `menu_harian_detail_ibfk_3` FOREIGN KEY (`pembelanjaan_id`) REFERENCES `pembelanjaan` (`id`),
  ADD CONSTRAINT `menu_harian_detail_ibfk_4` FOREIGN KEY (`resep_id`) REFERENCES `resep` (`id`);

--
-- Constraints for table `menu_master_detail`
--
ALTER TABLE `menu_master_detail`
  ADD CONSTRAINT `menu_master_detail_ibfk_1` FOREIGN KEY (`menu_master_id`) REFERENCES `menu_master` (`id`) ON DELETE CASCADE,
  ADD CONSTRAINT `menu_master_detail_ibfk_2` FOREIGN KEY (`produk_id`) REFERENCES `produk` (`id`),
  ADD CONSTRAINT `menu_master_detail_ibfk_3` FOREIGN KEY (`resep_id`) REFERENCES `resep` (`id`);

--
-- Constraints for table `pembayaran_piutang`
--
ALTER TABLE `pembayaran_piutang`
  ADD CONSTRAINT `pembayaran_piutang_ibfk_1` FOREIGN KEY (`piutang_id`) REFERENCES `piutang` (`id`),
  ADD CONSTRAINT `pembayaran_piutang_ibfk_2` FOREIGN KEY (`user_id`) REFERENCES `users` (`id`);

--
-- Constraints for table `pembelanjaan`
--
ALTER TABLE `pembelanjaan`
  ADD CONSTRAINT `pembelanjaan_ibfk_1` FOREIGN KEY (`supplier_id`) REFERENCES `supplier` (`id`),
  ADD CONSTRAINT `pembelanjaan_ibfk_2` FOREIGN KEY (`request_id`) REFERENCES `request` (`id`),
  ADD CONSTRAINT `pembelanjaan_ibfk_3` FOREIGN KEY (`user_id`) REFERENCES `users` (`id`);

--
-- Constraints for table `pembelanjaan_detail`
--
ALTER TABLE `pembelanjaan_detail`
  ADD CONSTRAINT `pembelanjaan_detail_ibfk_1` FOREIGN KEY (`pembelanjaan_id`) REFERENCES `pembelanjaan` (`id`) ON DELETE CASCADE,
  ADD CONSTRAINT `pembelanjaan_detail_ibfk_2` FOREIGN KEY (`produk_id`) REFERENCES `produk` (`id`);

--
-- Constraints for table `penerimaan_barang`
--
ALTER TABLE `penerimaan_barang`
  ADD CONSTRAINT `penerimaan_barang_ibfk_1` FOREIGN KEY (`pembelanjaan_id`) REFERENCES `pembelanjaan` (`id`),
  ADD CONSTRAINT `penerimaan_barang_ibfk_2` FOREIGN KEY (`supplier_id`) REFERENCES `supplier` (`id`),
  ADD CONSTRAINT `penerimaan_barang_ibfk_3` FOREIGN KEY (`penerima_id`) REFERENCES `users` (`id`);

--
-- Constraints for table `penerimaan_detail`
--
ALTER TABLE `penerimaan_detail`
  ADD CONSTRAINT `penerimaan_detail_ibfk_1` FOREIGN KEY (`penerimaan_id`) REFERENCES `penerimaan_barang` (`id`) ON DELETE CASCADE,
  ADD CONSTRAINT `penerimaan_detail_ibfk_2` FOREIGN KEY (`produk_id`) REFERENCES `produk` (`id`);

--
-- Constraints for table `piutang`
--
ALTER TABLE `piutang`
  ADD CONSTRAINT `piutang_ibfk_1` FOREIGN KEY (`kantor_id`) REFERENCES `kantor` (`id`),
  ADD CONSTRAINT `piutang_ibfk_2` FOREIGN KEY (`distribusi_id`) REFERENCES `distribusi` (`id`);

--
-- Constraints for table `produk`
--
ALTER TABLE `produk`
  ADD CONSTRAINT `fk_produk_supplier` FOREIGN KEY (`supplier_id`) REFERENCES `supplier` (`id`) ON DELETE SET NULL,
  ADD CONSTRAINT `produk_ibfk_1` FOREIGN KEY (`jenis_barang_id`) REFERENCES `jenis_barang` (`id`),
  ADD CONSTRAINT `produk_ibfk_2` FOREIGN KEY (`kategori_id`) REFERENCES `kategori` (`id`),
  ADD CONSTRAINT `produk_ibfk_3` FOREIGN KEY (`satuan_id`) REFERENCES `satuan` (`id`);

--
-- Constraints for table `request`
--
ALTER TABLE `request`
  ADD CONSTRAINT `request_ibfk_1` FOREIGN KEY (`kantor_id`) REFERENCES `kantor` (`id`),
  ADD CONSTRAINT `request_ibfk_2` FOREIGN KEY (`user_id`) REFERENCES `users` (`id`),
  ADD CONSTRAINT `request_ibfk_3` FOREIGN KEY (`approved_by`) REFERENCES `users` (`id`);

--
-- Constraints for table `request_detail`
--
ALTER TABLE `request_detail`
  ADD CONSTRAINT `request_detail_ibfk_1` FOREIGN KEY (`request_id`) REFERENCES `request` (`id`) ON DELETE CASCADE,
  ADD CONSTRAINT `request_detail_ibfk_2` FOREIGN KEY (`produk_id`) REFERENCES `produk` (`id`);

--
-- Constraints for table `resep_detail`
--
ALTER TABLE `resep_detail`
  ADD CONSTRAINT `resep_detail_ibfk_1` FOREIGN KEY (`resep_id`) REFERENCES `resep` (`id`) ON DELETE CASCADE,
  ADD CONSTRAINT `resep_detail_ibfk_2` FOREIGN KEY (`produk_id`) REFERENCES `produk` (`id`);

--
-- Constraints for table `stok_opname`
--
ALTER TABLE `stok_opname`
  ADD CONSTRAINT `stok_opname_ibfk_1` FOREIGN KEY (`pic_id`) REFERENCES `users` (`id`),
  ADD CONSTRAINT `stok_opname_ibfk_2` FOREIGN KEY (`approved_by`) REFERENCES `users` (`id`);

--
-- Constraints for table `stok_opname_detail`
--
ALTER TABLE `stok_opname_detail`
  ADD CONSTRAINT `stok_opname_detail_ibfk_1` FOREIGN KEY (`opname_id`) REFERENCES `stok_opname` (`id`) ON DELETE CASCADE,
  ADD CONSTRAINT `stok_opname_detail_ibfk_2` FOREIGN KEY (`produk_id`) REFERENCES `produk` (`id`);
COMMIT;

/*!40101 SET CHARACTER_SET_CLIENT=@OLD_CHARACTER_SET_CLIENT */;
/*!40101 SET CHARACTER_SET_RESULTS=@OLD_CHARACTER_SET_RESULTS */;
/*!40101 SET COLLATION_CONNECTION=@OLD_COLLATION_CONNECTION */;
